id,name,name_ar,wilaya_code,commune_code,commune,lat,lng,geo_precision,geo_method,source,type,code,address,address_ar
01-001,Agence Commerciale Adrar,الوكالة التجارية أدرار,01,,,27.877829,-0.274316,exact,mobilis,mobilis,agence,12237,"Rue de l'indépendance, Adrar",شارع الإستقلال، أدرار.
01-002,Agence Commerciale Reggane,الوكالة التجارية رقان.,01,,,26.720123576890476,0.1705722217982788,exact,mobilis,mobilis,agence,12238,"Rue emir abdelkader Reggane, Adrar",شارع الامير عبد القادر رقان أدرار.
02-001,Agence Commerciale Chlef,الوكالة التجارية شلف,02,,,36.164409385149185,1.3369633603411768,exact,mobilis,mobilis,agence,12252,"Rue de la Résistance, Chlef",شارع المقاومة، الشلف
02-002,Agence Commerciale Ténès,الوكالة التجارية الجوارية تنس,02,,,36.50865478254608,1.3070997785660792,exact,mobilis,mobilis,agence,12253,"Rue El Qods, Ténés, Chlef",شارع القدس،تنس، الشلف
02-003,Centre de service Mobilis Chlef,مركز خدمات موبيليس الشلف,02,,,36.14988482566015,1.3239924102794098,exact,mobilis,mobilis,agence,12260,"Nouvelle Ville, Hai Ben souna, Chlef",المدينة الجديدة، حي بن سونة؛ الشلف
03-001,Agence Commerciale Aflou,الوكالة التجارية أفلو,03,,,34.113882,2.09681,exact,mobilis,mobilis,agence,12321,"Rue Amir Abdelkader, centre ville, Aflou, Laghouat",شارع الأمير عبد القادر، أفلو.الأغواط
03-002,"Agence Commerciale Laghouat""01""","الوكالة التجارية الأغواط ""01""",03,,,33.79644738552079,2.866741698067627,exact,mobilis,mobilis,agence,12322,"Hai el Maamoura à cote de la poste, Laghouat","حي المعمورة, الأغواط."
03-003,"Agence Commerciale Laghouat ""02""","الوكالة التجارية الأغواط ""02""",03,,,33.799440002019715,2.8696193273615545,exact,mobilis,mobilis,agence,12323,"Hai el Maamoura, Laghouat",حي المعمورة، بجانب بريد الجزائر، الأغواط.
04-001,Agence Commerciale Ain El Beidha,الوكالة التجارية عين البيضاء,04,,,35.79371569733567,7.39263858426961,exact,mobilis,mobilis,agence,12285,"Avenue Hihi El Mekki,Ain Beidha, Oum El Bouaghi",شارع حيحي المكي.عين البيضاء أم البواقي
04-002,Agence Commerciale Ain Mlila,الوكالة التجارية عين مليلة,04,,,36.03851,6.57044,exact,mobilis,mobilis,agence,12286,"Cité communal N° 50, Ain Mlila, Oum El Bouaghi",الحي البلدي رقم 50 عين مليلة، أم البواقي
04-003,Agence Commerciale Oum El Bouaghi,الوكالة التجارية أم البواقي,04,,,35.87118625529451,7.108270444179048,exact,mobilis,mobilis,agence,12287,"Quartier de l'avenir N° 14, Oum El Bouaghi",شارع المستقبل رقم 14.أم البواقي
05-001,Agence Commerciale Barika,الوكالة التجارية بريكة,05,,,35.385614,5.370352,exact,mobilis,mobilis,agence,12269,"Rue 01 Novembre,Centre ville, Barika, Batna","شارع أول نوفمبر, وسط مدينة, بريكة، باتنة."
05-002,"Agence Commerciale Batna ""01""","الوكالة التجارية باتنة ""01""",05,,,35.543022,6.159878,exact,mobilis,mobilis,agence,12270,"Cité Aéroport, Batna","حي المطار, باتنة"
05-003,"Agence Commerciale CAB Batna ""02""","الوكالة التجارية باتنة ""02""",05,,,35.55695025298099,6.1758994029298195,exact,mobilis,mobilis,agence,12271,"Rue Ali Nemer,Batna",شارع علي نمر باتنة،: وسط المدينة باتنة
06-001,Agence Commerciale AKBOU,الوكالة التجارية أقبو,06,,,36.45717894707879,4.535757077109744,exact,mobilis,mobilis,agence,12328,"Rond Point Guendouza, Akbou , Bejaia","نقطة الدوران قندوزة, أقبو ,بجاية"
06-002,Agence Commerciale AMIZOUR,الوكالة التجارية واد أميزور,06,,,36.645044604836166,4.9035741897369824,exact,mobilis,mobilis,agence,12329,"Route d'EL Kseur, Cité des 154 Logts, Amizour, Bejaia","طريق القصر، حي 145 مسكن, أميزور, وبجاية"
06-003,Agence Commerciale BEJAIA,الوكالة التجارية بجاية,06,,,36.75401280997844,5.060902202792262,exact,mobilis,mobilis,agence,12330,"Lot Bouali N° 17,Bejaia",رقم 17 حي بوعلي، بجاية.
06-004,Agence Commerciale KHARATA,الوكالة التجارية خراطة,06,,,36.49076043082137,5.278739356537173,exact,mobilis,mobilis,agence,12331,"Route National 09,Kherata,Bejaia","الطريق الوطني رقم 09 ،خراطة, بجاية"
07-001,Agence Commerciale Biskra,الوكالة التجارية بسكرة,07,,,34.85561816127689,5.731241018311783,exact,mobilis,mobilis,agence,12312,"Rue Hamouda Ahmed Ben Abdelrezak, Biskra","شارع حمودة أحمد بن عبدالرزاق, بسكرة"
08-001,Agence Commerciale Abadla,الوكالة التجارية العبادلة,08,,,31.023638523464328,-2.708590831468497,exact,mobilis,mobilis,agence,12239,"Quartier Es-Salaam, Route nationale N° 06, Abadla, Bechar.",حي السلام ، الطريق الوطني رقم 06، العبادلة، بشار
08-002,Agence Commerciale Bechar,الوكالة التجارية بشار,08,,,31.610709890371677,-2.2206877198125787,exact,mobilis,mobilis,agence,12240,"Rue 05 Juillet N°23,Bechar",شارع 05 جويلية رقم 23، بشار.
09-001,Agence Commerciale Blida,الوكالة التجارية البليدة,09,,,36.473245,2.824118,exact,mobilis,mobilis,agence,12203,"N° 06 Rue Amara Youcef, Blida","رقم 06 شارع عمارة يوسف, البليدة"
09-002,Agence Commerciale Boufarik,الوكالة التجارية بوفاريك,09,,,36.57377,2.91104,exact,mobilis,mobilis,agence,12204,"Rue souidani Boudjemaa, Boufarik, Blida","شارع سويداني بوجمعة. بوفاريك,البليدة."
09-003,Agence Commerciale Nouvelle Ville Bouinane,الوكالة التجارية المدينة الجديدة بوعينان,09,,,36.531508,2.95362,exact,mobilis,mobilis,agence,12205,"Cité 5000 Logements, quartier ""A"", Nouvelle ville Bouinane, Blida","حي 5000 مسكن، مجمع ""أ""،المدينة الجديدة بوعينان, البليدة"
09-004,Agence Commerciale Ouled Aich,الوكالة التجارية أولاد يعيش,09,,,36.496316495976394,2.8621690453744812,exact,mobilis,mobilis,agence,12206,"N°27 Boulevard hadef Mohamed , Ouled Aich, Blida.",رقم 27 حي هادف محمد، أولاد ايعيش، البليدة
10-001,Agence Commerciale Bouira,الوكالة التجارية البويرة,10,,,36.384846,3.899888,exact,mobilis,mobilis,agence,12207,"Rue amrouche mouloud, Bouira","شارع عمروش مولود,البويرة"
11-001,Agence Commerciale Tamenrasset,الوكالة التجارية تمنراست,11,,,22.79728341932409,5.53139186925898,exact,mobilis,mobilis,agence,12327,"Cite Sirsouf ,Tamanrasset",حي سرسوف، تمنراست
12-001,Agence Commerciale Bir El Ater,الوكالة التجارية بئر العاتر,12,,,34.745338604147776,8.062554616550486,exact,mobilis,mobilis,agence,12233,"Quartier Houari Boumediene,Bir El Ater, Tebessa","حي هواري بومدين بئر العاتر, تبسة"
12-002,Agence Commerciale Ouenza,الوكالة التجارية الونزة,12,,,35.951398308886645,8.134156481121522,exact,mobilis,mobilis,agence,12234,"Cité Nouvelle Baiada N°13, Ouenza, Tebeesa.",حي البياضة الجديدة رقم 13،الونزة، تبسة
12-003,Agence Commerciale Tebessa,الوكالة التجارية تبسة,12,,,35.399952027744995,8.11628516435626,exact,mobilis,mobilis,agence,12235,"Route de la Wilaya, Tébessa",طريق الولاية - تبسة
12-004,Agence Commerciale Chrea,الوكالة التجارية الشريعة,12,,,35.269217352318904,7.750300233355339,exact,mobilis,mobilis,agence,12236,"Dar El Diafa,Chréa, Tébessa","دار الضيافة،الشريعة, تبسة"
13-001,Agence Commerciale Maghnia,الوكالة التجارية مغنية,13,,,34.84807494022864,-1.7284937155421376,exact,mobilis,mobilis,agence,12305,"Rue El Amir Abd El Kader, Meghnia.","شارع الامير عبد القادر. مغنية , تلمسان"
13-002,Agence Commerciale Remchi,وكالة الجوارية الرمشي,13,,,35.06060375446775,-1.429231066693065,exact,mobilis,mobilis,agence,12306,"Rue Larbi Ben Mehidi, Remchi, Tlemcen.",شارع العربي بن مهيدي ، الرمشي، تلمسان.
13-003,Agence Commerciale Tlemcen,الوكالة التجارية تلمسان,13,,,34.885358892163076,-1.3205408327232921,exact,mobilis,mobilis,agence,12307,"Cité El Kiffan, Rue Derrar Abdelrahman",حي الكيفان، شارع درار عبد الرحمان، تلمسان
14-001,Agence Commerciale Frenda,الوكالة التجارية فرندة,14,,,35.06137443485675,1.0447534808074426,exact,mobilis,mobilis,agence,12264,"Boulevard des Martyres ,Frenda, Tiaret",شارع الشهداء، فرندا. تيارت
14-002,Agence Commerciale Ksar Chellala,الوكالة التجارية قصر الشلالة,14,,,35.21825242555629,2.3154285230629608,exact,mobilis,mobilis,agence,12265,"Rue Souih Slimane Hai El Fateh,Ksar Chellala,Tiaret",شارع سويح سليمان ، حي الفتح. قصر الشلالة. تيارت
14-003,Agence Commerciale Tiaret,الوكالة التجارية تيارت,14,,,35.37539352854042,1.3143918815211642,exact,mobilis,mobilis,agence,12266,"Croisement Place des Martyrs et Rue de la Victoire N° 01, Tiaret","تقاطع ساحة الشهداء و شارع الإنتصار رقم 01, تيارت."
15-001,Agence Commerciale Azazga,الوكالة التجارية عزازقة,15,,,36.7470987417951,4.359452942309016,exact,mobilis,mobilis,agence,12214,"Cité 300 Logts, Local C2-C3, Azazga, Tizi Ouzou",حي 300 مسكن، تيزي بوشان، محل س 02 و س 03، عزازقة، تيزي وزو
15-002,Agence Commerciale Tizi Ouzou,الوكالة التجارية تيزي وزو,15,,,36.713454,4.044861,exact,mobilis,mobilis,agence,12215,"Etablissement Postal de « Tizi Ouzou 20 Aout», Tizi Ouzou,","المركز البريدي ""تيزي وزو 20 أوت""، تيزي وزو."
15-003,"Agence Commerciale Tizi Ouzou ""Centre ville""","الوكالة التجارية تيزي وزو ""وسط المدينة""",15,,,36.703273,4.054962,exact,mobilis,mobilis,agence,12216,"Boulevard Krim Belkacem ,Tizi Ouzou",شارع كريم بلقاسم. تيزي وزو
16-001,Agence Commerciale 1er Mai,الوكالة التجارية أول ماي,16,,,36.76037609489532,3.057858009574551,exact,mobilis,mobilis,agence,12181,"N° 05 Rue Lahcen Mimouni, Place 1 Mai, Alger",رقم 05 شارع لحسن ميموني، ساحة 1 ماي، سيدي محمد، الجزائر
16-002,Agence Commerciale 1er Novembre,الوكالة التجارية أول نوفمبر,16,,,36.78644518369552,3.0634834337998833,exact,mobilis,mobilis,agence,12182,"Avenue 1 Novembre - Places des martyres, Alger","أول نوفمبر, ساحة الشهداء، الجزائر العاصمة"
16-003,"Agence Commerciale Nouvel Aéroport International ""Houari Boumediene""",الوكالة التجارية المطار الدولي هواري بومدين.,16,,,36.69990904506256,3.2015991488523308,exact,mobilis,mobilis,agence,12183,"Aéroport Houari Boumediene,Terminal 04, Hall central (Arrivée)","مطار هواري بومدين، المحطة 04، البهو المركزي ""الوصول"""
16-004,"Agence Commerciale Aéroport International ""Houari Boumediene""",الوكالة التجارية المطار الدولي المطار الداخلي,16,,,36.698247965889315,3.207677114156492,exact,mobilis,mobilis,agence,12184,"Aéroport Houari Boumediene,Terminal 02, Hall central,",مطار هواري بومدين، المحطة 02، البهو المركزي
16-005,Agence Commerciale Bab El Oued,الوكالة التجارية باب الوادي,16,,,36.791309,3.05499,exact,mobilis,mobilis,agence,12185,"N° 05, Rue Brahim Cherafa, Bab El Oued, Alger",رقم 05 شارع براهيم شرفة، باب الواد، الجزائر
16-006,Agence Commerciale Bab Ezzouar,الوكالة التجارية باب الزوار,16,,,36.72018,3.18025,exact,mobilis,mobilis,agence,12186,"Cite Rabia Tahar, Bab Ezzouar Alger ( en face Commissariat de Police)","حي رابية الطاهر ( مقابل مركز الشرطة).باب الزوار, الجزائر"
16-007,Agence Commerciale Centre Commercial Bez,الوكالة التجارية المركز التجاري باب الزوار,16,,,36.712529,3.19654,exact,mobilis,mobilis,agence,12187,"Centre commercial et de loisir Bab Ezzouar, Niveau 2, Bab Ezzouar, Alger","المركز التجاري و الترفيه باب الزوار يالطابق الثاني, باب الزوار, الجزائر"
16-008,Agence Commerciale Centre Commercial Oceano,الوكالة التجارية المركز التجاري سيتي سنتر,16,,,36.729483,3.17889,exact,mobilis,mobilis,agence,12188,"entre Commercial City Center, Cité les bananiers, Mohammadia, Alger","المركز التجاري سيتي سنتر, بحي الموز, المحمدية الجزائر ,"
16-009,"Agence Commerciale Musé du Comité Olympique Algerien ""COA""",الوكالة التجارية متحف اللجنة الأولمبية الجزائرية,16,,,36.756935777990336,3.0555008693126022,exact,mobilis,mobilis,agence,12189,"N° 11 Rue Mohammed Zekkel, en face la salle Harcha Hacene, Sidi M'hamed, Ager",رقم 11 شارع محمد زكال، سيدي أمحمد مقابل قاعة حرشة حسان،سيدي محمد،الجزائر
16-010,Agence Commerciale Dely Brahim,الوكالة التجارية دالي براهيم,16,,,36.753799939660034,2.981816310529821,exact,mobilis,mobilis,agence,12190,N° 23 Rue Ahmed Ouaked Dely Brahim Alger,رقم 23 شارع أحمد واكد دالي براهيم دالي براهيم، الجزائر
16-011,Agence Commerciale Dg Mobilis,"الوكالة التجارية بمقر المديرية العامة ""أ ت م موبليس""",16,,,36.714842736323234,3.2037259464496604,exact,mobilis,mobilis,agence,12191,"Quartier d'Affaires d'Alger, îlot 05, lots 27, 28 et 29, Bab Ezzouar, Alger","حي الأعمال الجزائر مجموعة 05 قطعة 28,27 و 29 باب الزوار، الجزائر"
16-012,Agence Commerciale Draria,الوكالة التجارية درارية,16,,,36.711081,2.997865,exact,mobilis,mobilis,agence,12192,"N° 249 Lot Boudjemaa Temime Route de Baba Hassen, Draria",رقم 249 شارع بوجمعة تميم، طريق بابا حسن درارية
16-013,Agence Commerciale El Biar,الوكالة التجارية الأبيار,16,,,36.76844990215047,3.0320113423096666,exact,mobilis,mobilis,agence,12193,"N°101 Boulevard Colonel Bougara, Alger",رقم 101 شارع العقيد بوقرة، الأبيار، الجزائر
16-014,Agence Commerciale El Harrach,الوكالة التجارية الحراش,16,,,36.722895,3.135593,exact,mobilis,mobilis,agence,12194,"N° 05 Rue Belkacem Tabount, El Harrach, Alger",رقم 05 شارع بلقاسم تابونت، الحراش، الجزائر.
16-015,Agence Commerciale Gare Ferroviaire Zeralda,الوكالة التجارية محطة القطار زرالدة,16,,,36.702257,2.849054,exact,mobilis,mobilis,agence,12195,"Gare Ferroviaire de Zeralda ""Terminus"", Alger","محطة القطار زرالدة ""المحطة النهائية""، الجزائر"
16-016,Agence Commerciale Kouba,الوكالة التجارية القبة,16,,,36.73132619122416,3.085214259158924,exact,mobilis,mobilis,agence,12196,"N° 03 Rue Mohamed Garidi, Kouba, Alger",رقم 03 شارع محمد قاريدي، القبة، الجزائر
16-017,Agence Commerciale Port d'Alger,الوكالة التجارية ميناء الجزائر,16,,,36.777726455260854,3.0625049780742666,exact,mobilis,mobilis,agence,12197,"Port d'Alger, Alger","محطة المرفأ, ميناء الجزائر, الجزائر"
16-018,Agence Commerciale Rouiba,الوكالة التجارية الرويبة,16,,,36.73685345125669,3.282892512711587,exact,mobilis,mobilis,agence,12198,"Place Ibn Badis, Rouiba, Alger","ساحة إبن باديس, الرويبة, الجزائر"
16-019,Agence Commerciale Nouvelle Ville Sidi Abdellah,الوكالة التجارية المدينة الجديدة- سيدي عبد الله,16,,,36.691021,2.850957,exact,mobilis,mobilis,agence,12199,"Cité 2750 logts ,Sidi Abdellah tour A4-6 A4-7, Alger.","07 حي2750 مسكن, تجزئة أ 04 عمارة 06 المدينة الجديدة المعلمة الجزائر"
16-020,Agence Commerciale Sidi Yahia,الوكالة التجارية سيدي يحيى,16,,,36.741456,3.038924,exact,mobilis,mobilis,agence,12200,"Boulevard Sidi Yahia, ""Petite Province"", Alger","شارع سيدي يحيى, ، الجزائر."
16-021,Agence Commerciale Sofia,الوكالة التجارية صوفيا,16,,,36.772425,3.06018,exact,mobilis,mobilis,agence,12201,"Rue Assalah Hocine, Alger",شارع عسلة حسين-الجزائر
16-022,Agence Commerciale Staoueli,الوكالة التجارية سطاوالي,16,,,36.753101,2.889444,exact,mobilis,mobilis,agence,12202,"N° 22 Rue Gaci Amar, Staoueli, Alger",رقم 22 شارع قاسي عمار سطاوالي، الجزائر
17-001,Agence Commerciale Ain Ouessara,الوكالة التجارية عين وسارة,17,,,35.454806936929685,2.9037215562026266,exact,mobilis,mobilis,agence,12254,"Cité Zighout Youcef, séction N° 22 Lot 236 , Ain Oussara, Djelfa.",حي زيغود يوسف، جزء 22 قطعة 236،، عين وسارة ، الجلفة
17-002,Agence Commerciale Djelfa,الوكالة التجارية الجلفة,17,,,34.66540697151624,3.2553886801273904,exact,mobilis,mobilis,agence,12255,"Cite la nouvelle mosquée, Bâtiment N°243/2 , Djelfa",حي المسجد الجديد عمارة 243 رقم 02 الجلفة
17-003,Agence Commerciale Messad,الوكالة التجارية مسعد,17,,,34.153815067522395,3.4923715615079103,exact,mobilis,mobilis,agence,12256,"Cite 1 Novembre Bâtisse N° 343, Messad, Djelfa","شارع أول نوفمبر عمارة رقم 343 , مسعد, الجلفة ."
18-001,Agence Commerciale EL MILIA,الوكالة التجارية الميلية,18,,,36.74978236614628,6.273149931988142,exact,mobilis,mobilis,agence,12335,"Grand Boulevard El Milia Lot 46 N 34, Jijel",النهج الكبير رقم 34 ، الميلية - جيجل
18-002,Agence Commerciale JIJEL,الوكالة التجارية جيجل,18,,,36.81880909367128,5.768264820970762,exact,mobilis,mobilis,agence,12336,"N° 05 Rue Abdelhamid Ben Badis, Jijel",رقم 05 شارع عبد الحميد بن باديس. جيجل
18-003,Agence Commerciale TAHIR,الوكالة التجارية طاهير,18,,,36.774277167557315,5.898778742399751,exact,mobilis,mobilis,agence,12337,"Taher centre, Jijel","طاهير وسط المدينة,طاهير, جيجل"
19-001,Agence Commerciale AIN OULMANE,الوكالة التجارية عين ولمان,19,,,35.92002367271212,5.2956862724056615,exact,mobilis,mobilis,agence,12341,"Intersection Avenue Hamdi Cherif Abdallah, Kanouni Abdelkarim, RN Ain Oulmène, Sétif",تقاطع حمدي شريف عبد الله، شارع كانوني عبد الكريم ، الطريق الوطني عين ولمان، سطيف
19-002,Agence Commerciale BOUGAA,الوكالة التجارية بوقاعة,19,,,36.331759341595045,5.092002115983831,exact,mobilis,mobilis,agence,12342,"Rue des frères Cherikhi , Bougaâ , Sétif",شارع الاخوة شريخي، بوقاعة، سطيف
19-003,Agence Commerciale EL EULMA,الوكالة التجارية العلمة,19,,,36.14885659932326,5.692154340559562,exact,mobilis,mobilis,agence,12343,"Avenue du 1er Novembre 54 n° 69 El Eulma, Sétif",شارع أول نوفمبر رقم 69، العلمة. سطيف
19-004,Agence Commerciale PARK MALL,الوكالة التجارية المركز التجاري بارك مول,19,,,36.190859350565646,5.410271358960255,exact,mobilis,mobilis,agence,12344,"Centre commercial Park Mall , Avenue ALN - niveau 02 - local N°15 Sétif",المركز التجاري بارك مول، نهج الجيش الشعبي الوطني، الطابق الثاني، محل رقم 15، سطيف
19-005,Agence Commerciale SETIF,الوكالة التجارية سطيف,19,,,36.18986479692755,5.416907100717483,exact,mobilis,mobilis,agence,12345,"Boulevard 01 Novembre, Bat ""A"", Sétif,","نهج أول نوفمبر، عمارة ""أ""،سطيف"
20-001,Agence Commerciale Saida,الوكالة التجارية سعيدة,20,,,34.831257,0.147058,exact,mobilis,mobilis,agence,12302,"Rue Ahmed Medghari N°33,Saida",شارع احمد مدغري رقم 33، سعيدة.
21-001,Agence Commerciale Azzaba,الوكالة التجاريةة عزابة,21,,,36.73915006449124,7.107542103731277,exact,mobilis,mobilis,agence,12227,"Croisement Rue 1 er novembre 1954 et Rue 20 aôut 1955, Azzaba, Skikda",ملتقى شارعي 1 نوفمبر 1945 و شارع 20 أوت 1955 ، عزابة ، سكيكدة
21-002,Agence Commerciale Collo,الوكالة التجارية القل,21,,,37.00554076433422,6.569008797591589,exact,mobilis,mobilis,agence,12228,"Avenue Kouicem Abd El Hak, Collo, Skikda","شارع قويسم عبد الحق، القل, سكيكدة."
21-003,Agence Commerciale El Harrouche,الوكالة التجارية الحروش,21,,,36.65235675865271,6.839335203998957,exact,mobilis,mobilis,agence,12229,"Local N1 Rue Bachir Boukadoum, Skikda","محل رقم 01 بشير بوقادوم الحروش, سكيكدة"
21-004,Agence Commerciale Skikda,الوكالة التجارية سكيكدة,21,,,36.87161479910507,6.907729547849178,exact,mobilis,mobilis,agence,12230,"N° 62 Rue Bachir Boukadoum, Commune et Wilaya de Skikda",10 ساحة الإستقلال، سكيكدة.
22-001,Agence Commerciale Ben Badis,الوكالة التجارية بن باديس,22,,,34.9519738,-0.9146825,exact,mobilis,mobilis,agence,12303,"Rue Colonel Lotfi N° 36, Ben Badis","شارع العقيد لطفي رقم 36 بن باديس, سيدي بلعباس."
22-002,Agence Commerciale Sidi Bel Abbes,الوكالة التجارية سيدي بلعباس,22,,,35.191261,-0.632265,exact,mobilis,mobilis,agence,12304,"Rue Commandant feradj N° 24, Sidi Bel Abbes",شارع العقيد فراج رقم 24، سيدي بلعباس.
23-001,Agence Commerciale Aéroport Rabah Bitat,الوكالة التجارية مطار رابح بيطاط,23,,,36.82384215642637,7.820915709177447,exact,mobilis,mobilis,agence,12217,"Aéroport Rabah Bitat, Annaba,","مطار رابح بيطاط, عنابة"
23-002,Agence Commerciale Annaba,"الوكالة التجارية عنابة ""01""",23,,,36.90035494249598,7.7595455674525935,exact,mobilis,mobilis,agence,12218,"Rue des volontaires Entrée N°03, face Rue Laamara Abdelkader, Annaba",شارع المتطوعين، المدخل رقم 03، مقابل شارع لعمارة عبد القادر، عنابة.
23-003,Agence Commerciale El Bouni,الوكالة التجارية البوني,23,,,36.85539,7.745262,exact,mobilis,mobilis,agence,12219,"Rue 1er Novembre N° 3, El Bouni, Annaba","شارع أول نوفمبر رقم 3 , البوني، عنابة"
23-004,Agence Commerciale El Hadjar,الوكالة التجارية الحجار,23,,,36.805549531391335,7.738318298589041,exact,mobilis,mobilis,agence,12220,"24 Rue Amir Abd El Kader, El Hadjar, Annaba","رقم 24 شارع الأمير عبد القادر، حجار, عنابة"
23-005,Agence Commerciale Sidi Achour,الوكالة التجارية سيدي عاشور,23,,,36.88362955697822,7.715304180052967,exact,mobilis,mobilis,agence,12221,"Cité 337 logts (AADL) entrée W15, Sidi Achour, Annaba",حي 337 مسكن ( عدل ) ، مدخل 15 W، سيدي عاشور، عنابة
24-001,Agence Commerciale Bouchegouf,الوكالة التجاريةة بوشڨوف,24,,,36.47114360382613,7.726476363167962,exact,mobilis,mobilis,agence,12224,"Rue chemam Amar Boucheggouf, Guelma",شارع شمام عمر، بوشڨوف، قالمة
24-002,Agence Commerciale Guelma,الوكالة التجارية قالمة,24,,,36.46005580255502,7.437598050948074,exact,mobilis,mobilis,agence,12225,"N°01 Boulevard Herga Abdelkader, Guelma,",شارع حرڨة عبد القادر ، قالمة
24-003,Agence Commerciale Oued Zenati,الوكالة التجارية واد زناتي,24,,,36.31620774919278,7.164941250405909,exact,mobilis,mobilis,agence,12226,"Route Nationale,oued zenati, Guelma","الطريق الوطني, واد زناتي, قالمة"
25-001,Agence Commerciale Aéroport Mohamed Boudiaf,الوكالة التجارية مطار قسنطينة,25,,,36.283661,6.622153,exact,mobilis,mobilis,agence,12272,"Aéroport Mohamed Boudiaf, constantine","مطار محمد بوضياف, قسنطينة"
25-002,Agence Commerciale Ali Mendjeli,الوكالة التجارية علي منجلي,25,,,36.25531289701275,6.5797696834323505,exact,mobilis,mobilis,agence,12273,"Unité de Voisinage 05, Nouvelle Ville Ali Mendjli, Constantine.","وحدة الجوارية رقم 05 المدينة الجديدة علي منجلي, قسنطينة."
25-003,Agence Commerciale Constantine,الوكالة التجارية قسنطينة,25,,,36.36510568403585,6.610407012361279,exact,mobilis,mobilis,agence,12274,"Place 1er Novembre 54, Constantine.","ساحة أول نوفمبر 54, قسنطينة."
25-004,Agence Commerciale El kheroub,الوكالة التجارية الخروب,25,,,36.26208338350388,6.691380424492037,exact,mobilis,mobilis,agence,12275,"Avenue Yezlioui N° 01,ex N° 06 , El Khroub, Constantine","نهج يزليوي رقم 01 سابقا, رقم° 06 , الخروب, قسنطينة."
25-005,Agence Commerciale Hamma Bouziane,الوكالة التجارية حامة بوزيان,25,,,36.421325958273364,6.5983216134793965,exact,mobilis,mobilis,agence,12276,"N°239 rue du FLN, Hamma Bouziane, Constantine","قم 239 شارع جبهة التحرير الوطني, حامة بوزيان, قسنطينة"
25-006,Agence Commerciale Centre Commercial Ritadj Mall,الوكالة التجارية المركز التجاري ريتاج مول,25,,,36.25081223991139,6.572926369885904,exact,mobilis,mobilis,agence,12277,"Unité de Voisinage 02, local 05 partie 02 Ain el Bey N° 121, constantine","وحدة الجوارية رقم 02 محل 5 الجزء 2 عين الباي رقم 121, قسنطينة"
25-007,Agence Commerciale Sidi Mabrouk,الوكالة التجارية سيدي مبروك,25,,,36.36037592439251,6.6362479585923175,exact,mobilis,mobilis,agence,12278,"Avenue lakareb Ahmed N° 07,Sidi Mabrouk, Constantine","نهج لركب أحمد رقم° 07,سيدي مبروك, قسنطينة"
25-008,Agence Commerciale Zighout Youcef,الوكالة التجارية زيغود يوسف,25,,,36.53323834269713,6.7116909824632875,exact,mobilis,mobilis,agence,12279,"N° 10 Place de l'indépendance, Zighoud Youcef, Constantine","رقم 10 طريق الاستقلال, زيغود يوسف, قسنطينة"
26-001,Agence Commerciale Beni Slimane,الوكالة التجارية بني سليمان,26,,,36.22684498937489,3.3056730770462766,exact,mobilis,mobilis,agence,12257,"N° 45 centre ville, Beni Slimane. Médéa",رقم 45 وسط المدينة ، بني سليمان. المدية
26-002,Agence Commerciale Kesur El Boukhari,الوكالة التجارية قصر البخاري,26,,,35.88773415147028,2.749372582924775,exact,mobilis,mobilis,agence,12258,"Boulevard Mohamed Khemisti,Kseur El Boukhari, Medea","نهج محمد خميستي، قصر البخاري, المدية."
26-003,Agence Commerciale Medea,الوكالة التجارية المدية,26,,,36.265934367565876,2.759716762754658,exact,mobilis,mobilis,agence,12259,"Rue Mokadem Ben Youcef,Route d'Alger.Medea",شارع مقدم بن يوسف، طريق الجزائر، المدية.
27-001,Agence Commerciale Mostaganem,الوكالة التجارية مستغانم,27,,,35.93165290038895,0.09103657102351165,exact,mobilis,mobilis,agence,12292,"Immeuble chambre de commerce DAHRA, Rue Ben Ayad Ben Dehia N°75 Lot 89, Mostaganem","عمارة غرفة التجارة الظهرة شارع بن عياد بن دهية رقم 52 رقم °75 قطعة 89, مستغانم"
28-001,Agence Commerciale BOUSAADA,الوكالة التجارية بوسعادة,28,,,35.20075935966173,4.165700645908645,exact,mobilis,mobilis,agence,12338,"Route de Djelfa 948/21, Boussaâda, Msila",طريق الجلفة 948/21، بوسعادة، المسيلة
28-002,Agence Commerciale M'SILA,الوكالة التجارية المسيلة,28,,,35.70277959215625,4.538199519614974,exact,mobilis,mobilis,agence,12339,"Cité Zahar, 300 logts, Msila",حي زهار، 300 مسكن،مسيلة
28-003,Agence Commerciale SIDI AISSA,الوكالة التجارية سيدي عيسى,28,,,35.88789164996155,3.7733233423975636,exact,mobilis,mobilis,agence,12340,"Centre ville cité 05 Juillet 1962,Sidi Aissa,Msila",وسط المدينة 05 حي جوبلية 1962، سيدي عيسى، المسيلة
29-001,Agence Commerciale Mascara,الوكالة التجارية معسكر,29,,,35.39797003569814,0.13377188279176172,exact,mobilis,mobilis,agence,12291,"Rue EmirAbdelkader ,Mascara",شارع الأمير عبد القادر ، معسكر.
30-001,Agence Commerciale Aeroport Hassi Messaoud,الوكالة التجارية مطار حاسي مسعود,30,,,31.67541313334551,6.144779997383175,exact,mobilis,mobilis,agence,12324,"Aéroport krim Belgacem, Hassi Messaoud, Ouargla",مطار كريم بلقاسم إرارة، حاسي مسعود. ورقلة
30-002,Agence Commerciale Hassi Messaoud,الوكالة التجارية حاسي مسعود,30,,,31.692287419185732,6.057662372849001,exact,mobilis,mobilis,agence,12325,"Cité 200 logts, Hassi Messaoud, Ouargla",حي 200 مسكن، حاسي مسعود. ورقلة
30-003,Agence Commerciale Ouargla,"الوكالة التجارية ورقلة""02""",30,,,31.944476826255677,5.321191869170349,exact,mobilis,mobilis,agence,12326,"Route Nationale N° 49, cite 400 Logts, Ouargla",الطريق الوطني رقم 49، حي 400 مسكن،
31-001,"Agence Commerciale Aéroport Ahmed Ben Bella""",الوكالة التجارية مطار السانية,31,,,35.61829187394104,-0.6107873507494227,exact,mobilis,mobilis,agence,12293,"Aéroport International Ahmes Ben Bella, Essania, Oran",المطار الدولي أحمد بن بلة، السانية، وهران.
31-002,Agence Commerciale Ain Turk,الوكالة التجارية عين الترك,31,,,35.747892627157526,-0.7708965711995552,exact,mobilis,mobilis,agence,12294,"Rue Khaled Ibn El Walid N°01, Ain Turck, Oran","شارع خالد بن الوليد رقم 01.عين الترك, وهران"
31-003,Agence Commerciale Arzew,الوكالة التجارية ارزيو,31,,,35.854626,-0.311429,exact,mobilis,mobilis,agence,12295,"N°150 Avenue Frantz fanon, Arzew",رقم 150 حي فرانز فانون ، أرزيو ،وهران
31-004,Agence Commerciale Belgaid,الوكالة التجارية بلقايد,31,,,35.744396,-0.5377,exact,mobilis,mobilis,agence,12296,"Cité 2000 logements publics locatifs - Bloc 02 Rez de chassée, Belgaid,ORAN","حي 2000 مسكن عمومي إيجار رقم ° 02 الطابق الأرضي, بلقايد, وهران."
31-005,Agence Commerciale Es Sennia,الوكالة التجارية السانية,31,,,35.648392078447515,-0.6195880961086769,exact,mobilis,mobilis,agence,12297,"Rue 08 mars N° 23, Essania , Oran","شارع 08 مارس رقم 23 ، السانية, وهران"
31-006,Agence Commerciale Maraval,الوكالة التجارية مارافال,31,,,35.67652327429049,-0.6507784092472074,exact,mobilis,mobilis,agence,12298,"N° 45, Boulevard Meki Khelifa, Cité Othmania, Maraval, Oran",رقم 45 حي مكي خليفة العثمانية ،مارافال، وهران
31-007,"Agence Commerciale Oran ""Centre ville""","الوكالة التجارية وهران ""وسط المدينة""",31,,,35.702650440829146,-0.6452328527668197,exact,mobilis,mobilis,agence,12299,"Rue Mohamed Khemisti,centre ville, Oran","شارع محمد خميستي , وسط المدينة, وهران"
31-008,Centre de Services Mobilis,مركز خدمات موبيليس,31,,,35.699106,-0.600613,exact,mobilis,mobilis,agence,12300,"Cite Husto Lot N°27, à coté de l'hotel Liberté, Zone des sieges, Bir El Djir, Oran",حي إسطو، القطعة 27، بجانب فندق ليبرتي، منطقة المقرَّات، بئر الجير، وهران
31-009,Agence Commerciale Oran Makari,الوكالة التجارية وهران مقري,31,,,35.69748087142952,-0.6156376997748915,exact,mobilis,mobilis,agence,12301,"Route de Tlemcen, Oran",طريق تلمسان، وهران.
32-001,Agence Commerciale El Bayadh,الوكالة التجارية البيض,32,,,33.68031724910412,1.0128295504652698,exact,mobilis,mobilis,agence,12242,"Rue Nafai kouider Quartier Ras El Ain,El Baydh",شارع نافعي قويدر، رأس العين، البيض
32-002,Agence Commerciale El Biodh Sid Cheikh,الوكالة التجارية البيض سيد الشيخ,32,,,32.89642678684606,0.5441127373255519,exact,mobilis,mobilis,agence,12243,"Rue Didouche Mourad N° 01,N°02, Biod Sidi Echikh, El Bayadh",شارع ديدوش مراد رقم 01، رقم 02. البيض سيد الشيخ البيض
33-001,Agence Commerciale Illizi,الوكالة التجارية إليزي,33,,,26.499768664705577,8.475430249226292,exact,mobilis,mobilis,agence,12319,"Cité el Wassat, Illizi",حي الوسط، إليزي.
33-002,Agence Commerciale In Aminas,الوكالة التجارية عين أمناس,33,,,28.04756911659373,9.578224369955334,exact,mobilis,mobilis,agence,12320,"Centre Ville, In Amenas",وسط المدينة، عين أمناس.
34-001,"Agence Commerciale BORDJ BOUARIREJ ""02""","الوكالة التجارية برج بوعريريج ""02""",34,,,36.07073756269693,4.758794788155344,exact,mobilis,mobilis,agence,12332,Boulevard El Amir Abdelkader,نهج الأمير عبد القادر، برج بوعريريج
34-002,"Agence Commerciale BORDJ BOUARIREJ ""01""","الوكالة التجارية برج بوعريريج ""01""",34,,,36.07576162465611,4.7687218955156405,exact,mobilis,mobilis,agence,12333,"Lot N° 182/183, Rue Righi Said, BBA",تجزئة 182/183، شارع ريغي سعيد، برج بوعريريج
34-003,Agence Commerciale RAS EL OUED,الوكالة التجارية راس الوادي,34,,,35.94447866605515,5.032306633210632,exact,mobilis,mobilis,agence,12334,"N°54 Boulevard Salah Bey Ras El Oued, BBA",رقم 54 شارع صالح باي، رأس الواد.برج بوعريريج
35-001,Agence Commerciale Bordj Menaiel,الوكالة التجارية برج منايل,35,,,36.743641,3.716126,exact,mobilis,mobilis,agence,12208,"N° 95 Rue Colonel Amirouche, bordj Menaiel, Boumerdes",رقم 95 شارع العقيد عميروش، برج منايل، بومرداس
35-002,Agence Commerciale Boumerdes,الوكالة التجارية بومرداس,35,,,36.755975,3.477751,exact,mobilis,mobilis,agence,12209,"Rue de l'ALN Centre ville Boumerdès (ex madaur), Boumerdes.",شارع الجيش الشعبي الوطني، وسط المدينة، بومرداس
36-001,Agence Commerciale El Kala,الوكالة التجارية القالة,36,,,36.89476819118133,8.441047538692837,exact,mobilis,mobilis,agence,12222,"Route Annaba, EL KALA, El Taref","طريق عنابة , القالة, الطارف"
36-002,Agence Commerciale El Taref,الوكالة التجارية الطارف.,36,,,36.76753185570112,8.314385263173653,exact,mobilis,mobilis,agence,12223,"Route National Annaba, El Taref",الطريق الوطني عنابة، الطارف
37-001,Agence Commerciale Tindouf,الوكالة التجارية تندوف,37,,,27.67186582581472,-8.14065959473574,exact,mobilis,mobilis,agence,12248,"Cite El kessabi, Tindouf",حي القصابي، تندوف.
38-001,Agence Commerciale Teheniet El Hed,الوكالة التجارية تنية الحد,38,,,35.869075378626576,2.028681444290631,exact,mobilis,mobilis,agence,12267,"N° 01 Rue De l'Indépendance, Theniet El Had, Tissemsilt","رقم 01 شارع الإستقلال. تنية الحد, تيسمسيلت"
38-002,Agence Commerciale Tissemsilt,الوكالة التجارية تيسمسيلت,38,,,35.60681035082666,1.8123317074532557,exact,mobilis,mobilis,agence,12268,"RUE MEKBRET BELAID N° 05, TISSEMSILT",شارع مكبرت بلعيد رقم 05، تيسمسيلت
39-001,Agence Commerciale Djamaa,الوكالة التجارية جامعة,39,,,33.53229070626119,5.9906583642447595,exact,mobilis,mobilis,agence,12314,"Local Commerial N° 03, A coté de l'ACTEL, Djamaa",محل تجاري رقم 03 بجانب مقر اتصالات الجزائر، جامعة
39-002,Agence Commerciale El Oued,الوكالة التجارية الوادي,39,,,33.36218829019723,6.859667536697915,exact,mobilis,mobilis,agence,12315,"Cité Mohamed Khemisti , centre ville, El Oued","شارع محمد خميستي، وسط المدينة,الوادي."
40-001,Agence Commerciale KAIS,الوكالة التجارية قايس,40,,,35.492784482668405,6.927675923055561,exact,mobilis,mobilis,agence,12280,"Rue Abbas laghrour, Kais, Khenchla","شارع عباس لغرور، قايس, خنشلة"
40-002,Agence Commerciale Khenchla,الوكالة التجارية خنشلة,40,,,35.430899022648354,7.1445918601209994,exact,mobilis,mobilis,agence,12281,"Avenue Babar, Khenchela",شارع بابار، خنشلة.
41-001,Agence Commerciale Sedrata,الوكالة التجارية سدراتة,41,,,36.128131713506995,7.5329508394843865,exact,mobilis,mobilis,agence,12231,"Boulevard 01 Novembre 1954 (ex centre des impôts), sedrata, Souk Ahras","نهج 01 نوفمبر ( قباضة الضرائب سابقا)، سدراتة, سوق أهراس"
41-002,Agence Commerciale Souk Ahras,الوكالة التجارية سوق أهراس,41,,,36.2830195188529,7.959143168324295,exact,mobilis,mobilis,agence,12232,"Rue Cherit Lazhar N°46 Lot 72,Souk Ahras","شارع شريات لزهر رقم 46 قطعة 72, سوق أهراس"
42-001,Agence Commerciale Cherchell,الوكالة التجارية شرشال,42,,,36.606504,2.19069,exact,mobilis,mobilis,agence,12210,"Croisement Rue les Fréres Sadoun et Rue Ghezal mouloud, N° 22 Lot 47, Cherchell, Tipaza","تقاطع شارع الاخوة سعدون و شارع غزال مولود، رقم 22 تشكل 47 ملكية رقم 67، شرشال, تيبازة"
42-002,Agence Commerciale El Hadjout,الوكالة التجارية حجوط,42,,,36.512435,2.418168,exact,mobilis,mobilis,agence,12211,"Rue 01 Novembre N° 17, Hadjout, Tipaza","شارع أول نوفمبر، رقم 17. حجوط, تيبازة."
42-003,Agence Commerciale Koléa,الوكالة التجارية القليعة,42,,,36.63936517437876,2.7680312220965906,exact,mobilis,mobilis,agence,12212,"N° 13 Place Kifari El Hadi, Koléa, Tipaza","13حي كيفاري الهادي القليعة, تيبازة."
42-004,Agence Commerciale Tipaza,الوكالة التجارية تيبازة,42,,,36.591906,2.448389,exact,mobilis,mobilis,agence,12213,"Rue du 1er Novembre, Tipaza","شارع أول نوفمبر, تيبازة"
43-001,Agence Commerciale Chelghoum El Aid,الوكالة التجارية شلغوم العيد,43,,,36.1596595129198,6.163279909855098,exact,mobilis,mobilis,agence,12282,"N° 06 Rue 01 Novembre 1954 , Chelghoum El Aid, Mila.","رقم 06 شارع أول نوفمبر 1954, شلغوم العيد, ميلة."
43-002,Agence Commerciale Mila,الوكالة التجارية ميلة,43,,,36.45120340581473,6.264475752676238,exact,mobilis,mobilis,agence,12283,"Rue Bentoubal Said, Mila",شارع بن طوبال السعيد، ميلة
43-003,Agence Commerciale Tadjenanet,الوكالة التجارية تجنانت,43,,,36.122049,5.985358,exact,mobilis,mobilis,agence,12284,"Cite khatat Ahmed, Tadjnanet, Mila","حي خطاط أحمد, تجنانت, ميلة"
44-001,Agence Commerciale Ain Defla,الوكالة التجارية عين الدفلة,44,,,36.25853759802945,1.9569643110439854,exact,mobilis,mobilis,agence,12250,"Quartier En Nadjem,Ain Defla","حي النجم, عين الدفلى"
44-002,Agence Commerciale Khemis Meliana,الوكالة التجارية خميس مليانة,44,,,36.26024720486125,2.217789071547358,exact,mobilis,mobilis,agence,12251,"Rue Ghida Ben Youcef ,Khemis Mliana, Ain Defla",شارع غيدة بن يوسف، خميس مليانة.عين الدفلى
45-001,Agence Commerciale Ain Sefra,الوكالة التجارية عين الصفراء,45,,,32.75631667290081,-0.579478073627069,exact,mobilis,mobilis,agence,12244,"Rue Si Mansour, Centre Ville, Ain Sefra, Naama","شارع سي منصور، وسط مدينة عين الصفراء, النعامة."
45-002,Agence Commerciale Mechria,الوكالة التجارية المشرية,45,,,33.54601839378138,-0.2715711047841207,exact,mobilis,mobilis,agence,12245,"Cité Cheikh Benyamina bloc19, Mechria, Naama",حي شيخ بن يمينة رقم 19، مشرية.النعامة
45-003,Agence Commerciale Naama,الوكالة التجارية النعامة,45,,,33.268305038146,-0.312132865214776,exact,mobilis,mobilis,agence,12246,"Route Nationale N° 06, Naama","الطريق الوطني رقم 06, النعامة"
46-001,Agence Commerciale Ain Timouchent,الوكالة التجارية عين تيموشنت,46,,,35.291794,-1.140464,exact,mobilis,mobilis,agence,12288,"Rue 01 Novembre , Ain Temouchent","شارع أول نوفمبر،, عين تيموشنت"
46-002,Agence Commerciale Beni Saf,الوكالة التجارية بني صاف,46,,,35.302176,-1.382682,exact,mobilis,mobilis,agence,12289,"Avenue Kadri Kadour ex Jean Kuras, Beni Saf, Ain Temouchent","شارع قادري قدور(جون كوراس سابقا)، بني صاف, عين تيموشنت."
46-003,Agence Commerciale Hammam Bouhdjer,الوكالة التجارية حمام بوحجر,46,,,35.377494,-0.970471,exact,mobilis,mobilis,agence,12290,"Rue Larbi Ben M'hidi, Ain Temouchent","شارع العربي بن مهيدي, حمام بوحجر ,عين تموشنت"
47-001,Agence Commerciale El Guerrara,الوكالة التجارية الڨرارة,47,,,32.7888419032447,4.488187912757122,exact,mobilis,mobilis,agence,12316,"Cité Sakyate Elaine,Rue 1er Novembre centre ville, Guerrara, Gherdaia","حي ساقية العين, شارع أول نوفمبر, القرارة, غرداية."
47-002,Agence Commerciale Ghardaia,الوكالة التجارية غرداية,47,,,32.486127696706525,3.677377490053387,exact,mobilis,mobilis,agence,12317,"Rue Talbi Ahmed, Ghardaia",شارع طالبي أحمد، غرداية.
47-003,Agence Commerciale Metllili,الوكالة التجارية متليلي,47,,,32.263806185935856,3.627335070405927,exact,mobilis,mobilis,agence,12318,"Rue Emir Abdelkader, Metllili, Ghardaia",شارع الأمير عبد القادر - متليلي - غرداية
48-001,Agence Commerciale Mazouna,الوكالة التجارية مازونة,48,,,36.12049114821629,0.8674260151141125,exact,mobilis,mobilis,agence,12261,Centre Algerie Telecom Mazouna,مركب الاتصالات حي 5جوبلية ، مازونة - غليزان.
48-002,Agence Commerciale Oued Rhiou,الوكالة التجارية وادي رهيو,48,,,35.960373750590094,0.914888235710648,exact,mobilis,mobilis,agence,12262,"Boulevard des martyrs, RN N°04",شارع الشهداء، الطريق الوطني 04، وادي رهيو،، غليزان
48-003,Agence Commerciale Relizane,الوكالة التجارية غليزان,48,,,35.741387067276726,0.5523530175830521,exact,mobilis,mobilis,agence,12263,"Rue Aouad Djebar, Centre ville de Relizane",طريق عواد جبار، وسط المدينة، غليزان
49-001,Agence Commerciale Timimoune,الوكالة التجارية تيميمون,49,,,29.257878991164493,0.23026124420589786,exact,mobilis,mobilis,agence,12247,"Rue Palestine, Timimoune, Adrar",شارع فلسطين، تيميمون. أدرار
50-001,Agence Commerciale Bordj Badji Mokhtar,الوكالة التجارية  برج باجي مختار,50,,,21.318254,0.965259,exact,mobilis,mobilis,agence,12249,"Rue 1 er novembre ,Bordj Badji el Mokhtar",شارع أول نوفمبر ، برج باجي مختار
52-001,Agence Commerciale Beni Abbes,الوكالة التجارية بني عباس,52,,,30.132161500005363,-2.1706146345450037,exact,mobilis,mobilis,agence,12241,"Rue 20 Aout Beni Abbes, Beni Abbes",حي 20 أوت، بني عباس، بني عباس
53-001,Agence Commerciale In Salah,الوكالة التجارية عين صالح,53,,,27.19543177608449,2.479238796041063,exact,mobilis,mobilis,agence,12311,"Centre Ville, In Salah","حي وسط المدينة, عين صالح."
55-001,Agence Commerciale Touggourt,الوكالة التجارية تقرت,55,,,33.1068387470546,6.07007693608814,exact,mobilis,mobilis,agence,12310,"Cité 360 logts, Touggourt",حي 360 مسكن، تقرت
56-001,Agence Commerciale Djanet,االوكالة التجارية جانت,56,,,24.554205918291057,9.485223047783492,exact,mobilis,mobilis,agence,12308,"Centre ville boulevard Tim Khatem, Djanet","وسط المدينة, شارع تيم الخاتم، جانت"
57-001,Agence Commerciale El Meghier,الوكالة التجارية المغير,57,,,33.95024576797182,5.926283137328042,exact,mobilis,mobilis,agence,12313,"Rue berabah Ali, El Meghier",شارع برباح علي المغير.
58-001,Agence Commerciale El Meniaa,الوكالة التجارية المنيعة,58,,,30.580591817625425,2.8828559973535572,exact,mobilis,mobilis,agence,12309,"Rue EL Qods, centre ville, El Menia",شارع القدس، وسط المدينة، المنيعة
