name_fr,name_ar,wilaya_code,daira,postal_code,latitude,longitude,code_commune
Adrar,أدرار,1,Adrar,01000,27.87429,-0.297222,101
Akabli,اقبلي,1,Aoulef,01004,26.70828,0.2833,119
Aoulef,أولف,1,Aoulef,01003,26.96667,1.08333,112
Bouda,بودة,1,Adrar,01001,28.0142,-0.50254,122
Fenoughil,فنوغيل,1,Fenoughil,01007,27.602777,0.3,115
In Zghmir,إن زغمير,1,Zaouiet Kounta,01015,27.09388889,-0.121,105
Ouled Ahmed Timmi,أولاد أحمد تيمي,1,,,,,
Reggane,رقان,1,Reggane,01010,26.71576,0.1714,104
Sali,سالي,1,Reggane,01011,26.983333,-0.0275,118
Sebaa,السبع,1,Tsabit,01013,28.21194,-0.175,126
Tamantit,تامنطيط,1,Fenoughil,01008,27.7605,-0.266699,114
Tamest,تامست,1,Fenoughil,01009,27.416666,0.2667,102
Timekten,تيمقتن,1,,,,,
Tit,تيت,1,Aoulef,01006,26.95083333,1.015,106
Tsabit,تسابيت,1,Tsabit,01012,28.35049,-0.216111,108
Zaouiet Kounta,زاوية كنتة,1,Zaouiet Kounta,01014,27.22269,-0.19781,111
Abou El Hassane,أبو الحسن,2,Abou El Hassan,02018,36.4,1.1929114,222
Ain Merane,عين مران,2,Aïn Merane,02031,36.16277,0.97037,232
Benairia,بنايرية,2,Zeboudja,02022,36.3539,1.37403,203
Beni  Bouattab,بني بوعتاب,2,El Karimia,02017,36.0019469,1.6469253,235
Beni Haoua,بني حواء,2,Beni Haoua,02026,36.5311,1.56891,207
Beni Rached,بني راشد,2,Oued Fodda,02013,36.280556,1.516111,213
Boukadir,بوقادير,2,Boukadir,02006,36.066944,1.126,212
Bouzeghaia,بوزغاية,2,Zeboudja,02023,36.338889,1.0503,231
Breira,بريرة,2,Beni Haoua,02028,36.4488017,1.6482,234
Chettia,الشطية,2,Ouled Fares,02010,36.1589988,1.2409799,224
Chlef,الشلف,2,Chlef,02000,36.1647,1.3317,201
Dahra,الظهرة,2,Taougrite,02025,36.255278,0.85174,217
El Hadjadj,الحجاج,2,Ouled Ben Abdelkader,02034,36.0158333,1.3783333,227
El Karimia,الكريمية,2,El Karimia,02015,36.116111,1.55,204
El Marsa,المرسى,2,El Marsa,02029,36.401579,0.9161822,223
Harchoun,حرشون,2,El Karimia,02016,36.11354,1.506,209
Herenfa,الهرانفة,2,,,,,
Labiod Medjadja,الأبيض مجاجة,2,Ouled Fares,02011,36.2767832,1.3855161,228
Moussadek,مصدق,2,El Marsa,02030,36.3333333,0.7303,226
Oued Fodda,وادي الفضة,2,Oued Fodda,02012,36.183333,1.5499211,229
Oued Goussine,وادي قوسين,2,Beni Haoua,02027,36.525556,1.4967,216
Oued Sly,وادي سلي,2,Boukadir,02008,36.1,1.2,221
Ouled Abbes,أولاد عباس,2,Oued Fodda,02014,36.21909,1.483333333,218
Ouled Ben Abdelkader,أولاد بن عبد القادر,2,Ouled Ben Abdelkader,02033,36.0258,1.28,230
Ouled Fares,أولاد فارس,2,Ouled Fares,02009,36.2316052,1.236999,210
Oum Drou,أم الدروع,2,Chlef,02002,36.2,1.3833,233
Sendjas,سنجاس,2,Chlef,02001,36.0696,1.309028,219
Sidi Abderrahmane,سيدي عبد الرحمن,2,Ténès,02005,36.4922766,1.0957418,225
Sidi Akkacha,سيدي عكاشة,2,Ténès,02004,36.46472,1.303,211
Sobha,الصبحة,2,Boukadir,02007,36.1100346,1.110123,208
Tadjena,تاجنة,2,Abou El Hassan,02019,36.3167,1.335167,205
Talassa,تلعصة,2,Abou El Hassan,02020,36.4288223,1.05,214
Taougrit,تاوقريت,2,Taougrite,02024,36.244723,0.922852,206
Tenes,تنس,2,Ténès,02003,36.509722,1.30809,202
Zeboudja,الزبوجة,2,Zeboudja,02021,36.350527,1.430283,220
Ain Madhi,عين ماضي,3,Aïn Madhi,03007,33.7956,2.3052,307
Benacer Benchohra,بن ناصر بن شهرة,3,Ksar El Hirane,03002,33.751463,3.002939,303
El Assafia,العسافية,3,Sidi Makhlouf,03004,33.8264,2.9899,320
El Haouaita,الحويطة,3,Aïn Madhi,03010,33.645394,2.444713,323
Hassi Delaa,حاسي الدلاعة,3,Hassi R'Mel,03005,33.41742,3.55021,305
Hassi R'mel,حاسي الرمل,3,Hassi R'Mel,03006,32.928,3.271,306
Kheneg,الخنق,3,Aïn Madhi,03011,33.744444,2.794,309
Ksar El Hirane,قصر الحيران,3,Ksar El Hirane,03001,33.788564,3.140717,302
Laghouat,الأغواط,3,Laghouat,03000,33.8,2.875,301
Sidi Makhlouf,سيدي مخلوف,3,Sidi Makhlouf,03003,34.12942,3.01436,304
Tadjemout,تاجموت,3,Aïn Madhi,03008,33.87729,2.52113,308
Tadjrouna,تاجرونة,3,Aïn Madhi,03009,33.503632,2.101217,318
Ain Babouche,عين ببوش,4,Aïn Babouche,04008,35.941111,7.1875,408
Ain Beida,عين البيضاء,4,Aïn Beïda,04002,35.7981327,7.3921734,402
Ain Diss,عين الديس,4,Aïn Babouche,04009,36.03,7.8,415
Ain Fekroun,عين فكرون,4,Aïn Fakroun,04018,35.9711,6.8737,425
Ain Kercha,عين كرشة,4,Aïn Kercha,04015,35.916667,6.68333,412
Ain M'lila,عين مليلة,4,Aïn M'lila,04005,36.03823,6.57318,403
Ain Zitoun,عين الزيتون,4,Oum El Bouaghi,04001,35.684444,6.9403,427
Behir Chergui,بحير الشرقي,4,Meskiana,04026,35.790804,7.6833,404
Berriche,بريش,4,Aïn Beïda,04004,35.795833,7.37667,409
Bir Chouhada,بئر الشهداء,4,Souk Naamane,04021,35.894444,6.29,421
Dhalaa,الضلعة,4,Dhalaa,04013,35.461111,7.547222,411
El Amiria,العامرية,4,Sigus,04012,36.111944,6.8822,424
El Belala,البلالة,4,Meskiana,04027,35.665278,7.788333,407
El Djazia,الجازية,4,Dhalaa,04014,35.663154,7.5071271,414
El Fedjoudj Boughrara Sa,الفجوج بوغرارة سعودي,4,Aïn Fakroun,04019,35.70805,6.816944,419
El Harmilia,الحرملية,4,Aïn Kercha,04016,35.923532,6.619263,429
Fkirina,فكيرينة,4,Fkirina,04023,35.663889,7.2989,416
Hanchir Toumghani,هنشير تومغني,4,Aïn Kercha,04017,35.934722,6.7808,413
Ksar Sbahi,قصر الصباحي,4,Ksar Sbahi,04010,36.0833,7.25,422
Meskiana,مسكيانة,4,Meskiana,04025,35.631,7.6669,424
Oued Nini,وادي نيني,4,Fkirina,04024,35.5722,7.298855,423
Ouled Gacem,أولاد قاسم,4,Aïn M'lila,04006,36.034166,6.6658,428
Ouled Hamla,أولاد حملة,4,Aïn M'lila,04007,36.09042,6.46483,410
Ouled Zouai,أولاد زواي,4,Souk Naamane,04022,35.836111,6.506667,420
Oum El Bouaghi,أم البواقي,4,Oum El Bouaghi,04000,35.8706,7.117,401
Rahia,الرحية,4,Meskiana,04028,35.716667,6.933333,426
Sigus,سيقوس,4,Sigus,04011,36.12361,6.7708138,406
Souk Naamane,سوق نعمان,4,Souk Naamane,04020,35.895833,6.389444,417
Zorg,الزرق,4,Aïn Beïda,04003,35.78777778,7.468055,418
Ain Djasser,عين جاسر,5,Aïn Djasser,05003,35.8308281,6.0044121,519
Ain Touta,عين التوتة,5,Aïn Touta,05005,35.3991089,5.9198387,545
Ain Yagout,عين ياقوت,5,El Madher,05022,35.7746,6.41644,522
Arris,أريس,5,Arris,05009,35.25881,6.34706,516
Batna,باتنة,5,Batna,05000,35.55597,6.1741447,501
Beni Foudhala El Hakania,بني فضالة الحقانية,5,,,,,
Boulhilat,بولهيلات,5,Chemora,05017,35.6752,6.6625,560
Boumagueur,بومقر,5,N'Gaous,05035,35.5052,5.5525,541
Boumia,بومية,5,El Madher,05023,35.677222,6.480833,559
Bouzina,بوزينة,5,Bouzina,05014,35.2698953,6.0996978,535
Chemora,الشمرة,5,Chemora,05016,35.66528,6.5011,536
Chir,شير,5,Teniet El Abed,05055,35.2135627,6,552
Djerma,جرمة,5,El Madher,05024,35.6851412,6.3013432,513
El Hassi,الحاسي,5,Aïn Djasser,05004,35.7227778,5.906111,557
El Madher,المعذر,5,El Madher,05021,35.63121,6.369152,507
Fesdis,فسديس,5,Batna,05001,35.62,6.27476,523
Foum Toub,فم الطوب,5,Ichmoul,05026,35.405,6.549721,531
Ghassira,غسيرة,5,T'Kout,05060,35.2576,6.20608,502
Gosbat,القصبات,5,Ras El Aioun,05041,35.6667,5.517,539
Guigba,القيقبة,5,Ras El Aioun,05042,35.807778,6,510
Hidoussa,حيدوسة,5,Merouana,05033,35.6375,5.9375,546
Ichemoul,إشمول,5,Ichmoul,05025,35.310694,6.50382,530
Inoughissen,إينوغيسن,5,Ichmoul,05027,35.286388,6.55,511
Kimmel,كيمل,5,T'Kout,05059,35.3442,6.471658,517
Ksar Bellezma,قصر بلزمة,5,Merouana,05032,35.67649,5.9033,528
Larbaa,لارباع,5,Bouzina,05015,35.403889,6.11124,561
Lazrou,لازرو,5,Seriana,05049,35.7,6.2167,558
Lemcene,لمسان,5,Ouled Si Slimane,05039,,,
Maafa,معافة,5,Aïn Touta,05007,35.266667,5.9198387,503
Menaa,منعة,5,Menaa,05028,35.1777,6.006775,506
Merouana,مروانة,5,Merouana,05030,35.63106,5.91186,504
N Gaous,نقاوس,5,N'Gaous,05034,35.561836,5.610924,509
Oued Chaaba,وادي الشعبة,5,Batna,05002,35.504722,6.07784,537
Oued El Ma,وادي الماء,5,Merouana,05031,35.64527778,5.994722222,533
Oued Taga,وادي الطاقة,5,Teniet El Abed,05054,35.4205,6.23,548
Ouled Aouf,أولاد عوف,5,Aïn Touta,05008,35.45555556,5.756944,540
Ouled Fadel,أولاد فاضل,5,Timgad,05057,35.4843,6.6247,549
Ouled Sellem,أولاد سلام,5,Ras El Aioun,05045,35.8411857,5.8822,520
Ouled Si Slimane,أولاد سي سليمان,5,Ouled Si Slimane,05037,35.610833,5.632777,553
Ouyoun El Assafir,عيون العصافير,5,Tazoult,05052,35.552203,6.3438785,512
Rahbat,الرحبات,5,Ras El Aioun,05043,35.5333,5.65,525
Ras El Aioun,رأس العيون,5,Ras El Aioun,05040,35.675,5.65,551
Sefiane,سفيان,5,N'Gaous,05036,35.4414,5.5581,524
Seriana,سريانة,5,Seriana,05048,35.691666,6.18639,505
T Kout,تكوت,5,T'Kout,05058,35.3339,6.30861,544
Talkhamt,تالخمت,5,Ras El Aioun,05044,35.665278,5.8667,534
Taxlent,تاكسلانت,5,Ouled Si Slimane,05038,35.5333,5.81667,538
Tazoult,تازولت,5,Tazoult,05051,35.489188,6.254311,508
Teniet El Abed,ثنية العابد,5,Teniet El Abed,05053,35.24695,6.19062,547
Tighanimine,تيغانمين,5,Arris,05010,35.1955527,6.25,526
Tigharghar,تغرغار,5,,,,,
Timgad,تيمقاد,5,Timgad,05056,35.485165,6.4686,550
Zanet El Beida,زانة البيضاء,5,Seriana,05050,35.809722,6.08512,554
Adekar,أدكار,6,Adekar,06006,36.683333,4.6667,624
Ait R'zine,أيت رزين,6,Ighil Ali,06029,36.37034683,4.4868,628
Ait-Smail,أيت إسماعيل,6,Darguina,06023,36.7333,4.85,647
Akbou,أقبو,6,Akbou,06009,36.4575,4.53494,625
Akfadou,أكفادو,6,Chemini,06021,36.6333333,4.5895,642
Amalou,أمالو,6,Seddouk,06034,36.477777,4.633333,616
Amizour,أميزور,6,Amizour,06002,36.64022,4.9013,602
Aokas,أوقاس,6,Aokas,06013,36.6333,5.25,622
Barbacha,برباشة,6,Barbacha,06015,36.5667,4.96667,634
Bejaia,بجاية,6,Béjaïa,06000,36.7508896,5.0567333,601
Beni Djellil,بني جليل,6,Amizour,06003,36.5729271,4.8108,623
Beni K'sila,بني كسيلة,6,Adekar,06008,36.839681,4.7070616,635
Beni-Mallikeche,بني مليكش,6,,,,,
Benimaouche,بني معوش,6,,,,,
Boudjellil,بو جليل,6,Tazmalt,06046,36.334,4.414167,652
Bouhamza,بوحمزة,6,Seddouk,06036,36.489722,4.6064,637
Boukhelifa,بوخليفة,6,Tichy,06048,36.5831,4.9667,648
Chellata,شلاطة,6,Akbou,06010,36.5135502,4.5108862,605
Chemini,شميني,6,Chemini,06018,36.5944017,4.6210411,629
Darguina,درقينة,6,Darguina,06022,36.6344,5.375595,620
Dra El Caid,ذراع القايد,6,Kherrata,06031,36.4295337,5.2475518,645
El Kseur,القصر,6,El Kseur,06025,36.684389,4.852222,640
Fenaia Il Maten,فناية الماثن,6,El Kseur,06026,36.671667,4.790555,618
Feraoun,فرعون,6,Amizour,06005,36.5569444,4.85454,603
Ighil-Ali,إغيل علي,6,Ighil Ali,06028,36.3379865,4.4702131,617
Ighram,اغرم,6,Akbou,06011,36.46295,4.505,615
Kendira,كنديرة,6,Barbacha,06016,36.653,5.0173,613
Kherrata,خراطة,6,Kherrata,06030,36.492724,5.278,644
Leflaye,الفلاي,6,Sidi-Aïch,06038,36.60916667,4.8814,643
M'cisna,مسيسنة,6,Seddouk,06035,36.563407,4.710368,609
Melbou,مالبو,6,Souk El Ténine,06043,36.671389,5.360759,641
Oued Ghir,وادي غير,6,Béjaïa,06001,36.710277,4.983333,651
Ouzellaguen,أوزلاقن,6,Ouzellaguen,06032,36.54203,4.6127777,636
Seddouk,صدوق,6,Seddouk,06033,36.547,4.70778,626
Sidi Ayad,سيدي عياد,6,Sidi-Aïch,06041,36.61667,4.75,621
Sidi-Aich,سيدي عيش,6,Sidi-Aïch,06037,36.612944,4.688298,639
Smaoun,سمعون,6,,,,,
Souk El Tenine,سوق لإثنين,6,Souk El Ténine,06042,36.6256524,5.3360215,608
Souk Oufella,سوق اوفلا,6,Chemini,06020,36.606111,4.6389,630
Tala Hamza,تالة حمزة,6,Tichy,06049,36.6876795,5.0078451,633
Tamokra,تامقرة,6,Akbou,06012,36.3932,4.6645,606
Tamridjet,تامريجت,6,Souk El Ténine,06044,36.5833119,5.4253757,646
Taourit Ighil,تاوريرت إغيل,6,,,,,
Taskriout,تاسكريوت,6,Darguina,06024,36.56667,5.2733,631
Tazmalt,تازمالت,6,Tazmalt,06045,36.3878041,4.4079213,627
Tibane,طيبان,6,Chemini,06019,36.613585,4.651185,632
Tichy,تيشي,6,Tichy,06047,36.6961,5.1550882,611
Tifra,تيفرة,6,Sidi-Aïch,06040,36.6667365,4.6963496,614
Timezrit,تيمزريت,6,Timezrit,06050,36.615556,4.7667,607
Tinebdar,تينبدار,6,,,,,
Tizi-N'berber,تيزي نبربر,6,Aokas,06014,36.6134619,5.2176317,649
Toudja,توجة,6,El Kseur,06027,36.75,4.8922277,619
Ain Naga,عين الناقة,7,Sidi Okba,07010,34.68762,6.09419,714
Biskra,بسكرة,7,Biskra,07000,34.8,5.7510475,701
Bordj Ben Azzouz,برج بن عزوز,7,Tolga,07022,34.697222,5.362777,727
Bouchakroun,بوشقرون,7,Tolga,07021,34.8091667,5.341111,729
Chetma,شتمة,7,Sidi Okba,07008,34.801667,5.6597222,704
El Feidh,الفيض,7,Zeribet El Oued,07013,34.4668996,6.5356449,716
El Ghrous,الغروس,7,Foughala,07031,34.7233926,5.285277,731
El Hadjab,الحاجب,7,Biskra,07001,34.79027,5.596944,732
El Haouch,الحوش,7,Sidi Okba,07009,34.8667,6.0255738,713
Foughala,فوغالة,7,Foughala,07030,34.7326063,5.31666667,726
Khenguet Sidi Nadji,خنقة سيدي ناجي,7,Zeribet El Oued,07014,34.821721,6.6958939,733
Lichana,ليشانة,7,Tolga,07023,34.71753,5.4289853,723
Lioua,ليوة,7,Ourlal,07016,34.63099,5.4,722
M'chouneche,مشونش,7,M'Chouneche,07006,34.9497,6.0039,712
M'lili,مليلي,7,Ourlal,07019,34.805833,5.554247,725
Mekhadma,مخادمة,7,Ourlal,07018,34.64779,5.867778,730
Meziraa,المزيرعة,7,,,,,
Oumache,أوماش,7,Ourlal,07017,34.69292,5.6883,702
Ourlal,أورلال,7,Ourlal,07015,34.655556,5.525895,724
Sidi Okba,سيدي عقبة,7,Sidi Okba,07007,34.74512,5.9,711
Tolga,طولقة,7,Tolga,07020,34.7214,5.3802134,721
Zeribet El Oued,زريبة الوادي,7,Zeribet El Oued,07011,34.683,6.511,715
Abadla,العبادلة,8,Abadla,08008,31.019,-2.72387,817
Bechar,بشار,8,Béchar,08000,31.61667,-2.21667,801
Beni-Ounif,بني ونيف,8,Beni Ounif,08001,32.0492426,-1.2514,821
Boukais,بوكايس,8,Lahmar,08003,31.923333,-2.46361,815
Erg-Ferradj,عرق فراج,8,Abadla,08009,31.0347,-2.791389,802
Kenadsa,القنادسة,8,Kenadsa,08005,31.5544,-2.4327,810
Lahmar,لحمر,8,Lahmar,08002,31.931388,-2.2597,806
Machraa-Houari-Boumediene,مشرع هواري بومدين,8,,,,,
Meridja,المريجة,8,Kenadsa,08006,31.55,-2.95,804
Mogheul,موغل,8,Lahmar,08004,32.0225,-2.2227252,816
Tabelbala,تبلبالة,8,Tabelbala,52007,29.41005,-3.25261,812
Taghit,تاغيت,8,Taghit,08007,30.9201058,-2.0322172,813
Ain Romana,عين الرمانة,9,Mouzaïa,09018,36.3963569,2.6487087,924
Beni Mered,بني مراد,9,Ouled Yaïch,09024,36.52389,2.86131,921
Beni-Tamou,بني تامو,9,Oued Alleug,09020,36.536389,2.8161,919
Benkhelil,بن خليل,9,Oued Alleug,09021,36.6202778,2.876389,910
Blida,البليدة,9,Blida,09000,36.47004,2.8319,901
Bouarfa,بوعرفة,9,Blida,09001,36.466944,2.816389,920
Boufarik,بوفاريك,9,Boufarik,09002,36.57413,2.9108333,916
Bougara,بوقرة,9,Bougara,09005,36.54,3.081,922
Bouinan,بوعينان,9,Bouinan,09008,36.53167,2.99194,903
Chebli,الشبلي,9,Bouinan,09009,36.567222,3.0085182,902
Chiffa,الشفة,9,Mouzaïa,09017,36.4669,2.75,908
Chrea,الشريعة,9,Ouled Yaïch,09023,36.425556,2.876667,906
Djebabra,جبابرة,9,Meftah,09015,36.58416667,3.268903,925
El-Affroun,العفرون,9,El Affroun,09010,36.4701,2.625,907
Guerrouaou,قرواو,9,Boufarik,09004,36.516667,2.8844,923
Hammam Elouane,حمام ملوان,9,Bougara,09006,36.486667,3.045,909
Larbaa,الأربعاء,9,Larbaâ,09012,36.56527778,3.153933,917
Meftah,مفتاح,9,Meftah,09014,36.6204,3.22248,914
Mouzaia,موزاية,9,Mouzaïa,09016,36.4669,2.6899,912
Oued  Djer,وادي جر,9,El Affroun,09011,36.4201457,2.5495112,918
Oued El Alleug,وادي العلايق,9,Oued Alleug,09019,36.55528,2.79028,904
Ouled Slama,اولاد سلامة,9,Bougara,09007,36.548333,3.11,915
Ouled Yaich,أولاد يعيش,9,Ouled Yaïch,09022,36.50393,2.8619,905
Souhane,صوحان,9,Larbaâ,09013,36.5329164,3.2483058,913
Soumaa,الصومعة,9,Boufarik,09003,36.51833,2.905278,911
Aghbalou,أغبالو,10,M'Chedallah,10014,36.3713916,4.225,1027
Ahl El Ksar,أهل القصر,10,Bechloul,10008,36.2549,4.03944,1022
Ain El Hadjar,عين الحجر,10,Aïn Bessem,10030,36.33889,3.806389,1025
Ain Laloui,عين العلوي,10,Aïn Bessem,10029,36.316667,3.75,1041
Ain Turk,عين الترك,10,Aïn El Turk,31300,35.74494,-0.7697,3109
Ain-Bessem,عين بسام,10,Aïn Bessem,10028,36.296667,3.67,1035
Ait Laaziz,أيت لعزيز,10,,,,,
Aomar,أعمر,10,Kadiria,10017,36.4925,3.794,1016
Ath Mansour,آث  منصور,10,M'Chedallah,10015,36.330823,4.301147,1043
Bechloul,بشلول,10,Bechloul,10005,36.316667,4.075,1033
Bir Ghbalou,بئر غبالو,10,Bir Ghbalou,10025,36.26416667,3.7224,1036
Bordj Okhriss,برج أوخريص,10,Bordj Okhriss,10041,36.083333,3.974444,1018
Bouderbala,بودربالة,10,Lakhdaria,10022,36.58,3.5089,1023
Bouira,البويرة,10,Bouira,10000,36.37763,3.8962348,1001
Boukram,بوكرم,10,Lakhdaria,10020,36.5261,3.36604,1034
Chorfa,شرفة,10,M'Chedallah,10012,36.36505,4.323611,1017
Dechmia,الدشمية,10,Sour El Ghozlane,10039,36.13,3.5767,1031
Dirah,ديرة,10,Sour El Ghozlane,10040,36.0003,3.65992,1007
Djebahia,جباحية,10,Kadiria,10018,36.4764,3.7588,1026
El Adjiba,العجيبة,10,Bechloul,10007,36.3749965,4.1616143,1019
El Asnam,الأسنام,10,Bechloul,10006,36.3206,4.013889,1002
El Hachimia,الهاشمية,10,El Hachimia,10033,36.24071,3.8161,1015
El Khabouzia,الخبوزية,10,Bir Ghbalou,10027,36.3159,3.6008333,1021
El-Hakimia,الحاكمية,10,Sour El Ghozlane,10038,36.0914921,3.7806,1020
El-Mokrani,المقراني,10,Souk El Khemis,10032,36.42889,3.60375,1044
Guerrouma,قرومة,10,Lakhdaria,10024,36.4630499,3.4296446,1003
Hadjera Zerga,الحجرة الزرقاء,10,Bordj Okhriss,10044,35.957778,3.849444,1042
Haizer,حيزر,10,Haizer,10003,36.39702,3.99917,1012
Hanif,حنيف,10,M'Chedallah,10013,36.335801,4.34149,1006
Kadiria,قادرية,10,Kadiria,10016,36.5200245,3.6927531,1005
Lakhdaria,الأخضرية,10,Lakhdaria,10019,36.56448,3.59675,1013
M Chedallah,أمشدالة,10,M'Chedallah,10010,36.3713916,4.264103,1037
Maala,معلة,10,Lakhdaria,10021,36.492778,3.573611,1014
Maamora,المعمورة,10,Sour El Ghozlane,10036,36.033056,3.62017,1039
Mezdour,مزدور,10,Bordj Okhriss,10042,36.376111,4.07056,1011
Oued El Berdi,وادي البردي,10,El Hachimia,10034,36.2638925,3.9266502,1045
Ouled Rached,أولاد راشد,10,Bechloul,10009,36.21525,4.1106,1040
Raouraoua,روراوة,10,Bir Ghbalou,10026,36.55528,3.7375,1010
Ridane,ريدان,10,Sour El Ghozlane,10037,36.073888,3.46166,1032
Saharidj,سحاريج,10,M'Chedallah,10011,36.396944,3.8619,1030
Souk El Khemis,سوق الخميس,10,Souk El Khemis,10031,36.388056,3.635,1004
Sour El Ghozlane,سور الغزلان,10,Sour El Ghozlane,10035,36.14766,3.69123,1038
Taghzout,تاغزوت,10,Haizer,10004,36.3167,3.9667,1009
Taguedite,تاقديت,10,Bordj Okhriss,10043,36.0175,3.99472221,1028
Z'barbar (El Isseri ),زبربر,10,Lakhdaria,10023,,,
Abelsa,ابلسة,11,,,,,
Ain Amguel,عين امقل,11,,,,,
Idles,أدلس,11,Tazrouk,11004,23.8173973,5.9343664,1105
Tamanrasset,تمنراست,11,Tamanrasset,11000,22.7888209,5.52278,1101
Tazrouk,تاظروك,11,Tazrouk,11003,23.4133,6.265556,1106
Ain Zerga,عين الزرقاء,12,Ouenza,12010,35.648611,8.261111,1223
Bedjene,بجن,12,El Ogla,12020,35.40417,7.4746519,1226
Bekkaria,بكارية,12,El Kouif,12001,35.366667,8.2422222,1217
Bir Dheheb,بئر الذهب,12,Morsott,12004,34.908056,7.938333,1214
Bir Mokkadem,بئر مقدم,12,Bir Mokkadem,12015,35.3725,7.8096037,1210
Boukhadra,بوخضرة,12,El Aouinet,12008,35.744444,8.0325,1218
Boulhaf Dyr,بولحاف الدير,12,El Kouif,12002,35.52052,8.10581,1225
Cheria,الشريعة,12,Cheria,12026,35.2684831,7.7471025,1203
El Kouif,الكويف,12,El Kouif,12003,35.498333,8.321944,1211
El Malabiod,الماء الابيض,12,,,,,
El Meridj,المريج,12,Ouenza,12011,35.79308,8.22951,1224
El Mezeraa,المزرعة,12,El Ogla,12019,35.266667,7.58,1227
El Ogla,العقلة,12,El Ogla,12018,35.183333,7.46762,1213
El-Aouinet,العوينات,12,El Aouinet,12009,35.867,7.887778,1205
El-Houidjbet,الحويجبات,12,El Ma Labiodh,12006,35.29331683,8.278941075,1206
Guorriguer,قريقر,12,Bir Mokkadem,12014,35.422777,7.593333,1216
Hammamet,الحمامات,12,Bir Mokkadem,12013,35.590833,7.953,1208
Morsott,مرسط,12,Morsott,12005,35.66944,8.01667,1212
Ouenza,الونزة,12,Ouenza,12012,35.9533,8.12917,1219
Oum Ali,أم علي,12,Oum Ali,12022,35.3333,8.3009,1221
Saf Saf El Ouesra,صفصاف الوسرى,12,Oum Ali,12023,34.9565856,8.2076282,1207
Stah Guentis,سطح قنطيس,12,El Ogla,12021,34.9984,7.30829,1204
Tebessa,تبسة,12,Tébessa,12000,35.405556,8.12417,1201
Telidjen,ثليجان,12,,,,,
Ain Fetah,عين فتاح,13,Fellaoucene,13021,34.965556,-1.638611,1331
Ain Fezza,عين فزة,13,Chetouane,13026,34.87,-1.1868,1312
Ain Ghoraba,عين غرابة,13,Mansourah,13035,34.713889,-1.389167,1349
Ain Kebira,عين الكبيرة,13,Fellaoucene,13022,35.032777,-1.665278,1353
Ain Nehala,عين النحالة,13,Aïn Tallout,13003,35.027326,-0.932222,1325
Ain Tellout,عين تالوت,13,Aïn Tallout,13002,34.805556,-0.9544444,1303
Ain Youcef,عين يوسف,13,Remchi,13005,35.047222,-1.3739,1315
Amieur,عمير,13,Chetouane,13027,35.035277,-1.24,1314
Azail,العزايل,13,,,,,
Bab El Assa,باب العسة,13,Bab El Assa,13016,34.960317,-2.0318,1318
Beni Bahdel,بني بهدل,13,Beni Snous,13043,34.693889,-1.5186,1342
Beni Boussaid,بني بوسعيد,13,Beni Boussaid,13044,34.65,-1.75306,1338
Beni Khellad,بني خلاد,13,Honaïne,13052,35.1725,-1.5572,1348
Beni Mester,بني مستر,13,Mansourah,13001,34.87045,-1.42319,1302
Beni Ouarsous,بني وارسوس,13,Remchi,13006,35.083333,-1.55731,1336
Beni Smiel,بني صميل,13,,,,,
Beni Snous,بني سنوس,13,Beni Snous,13041,34.6593136,-1.5450766,1317
Bensekrane,بن سكران,13,Bensekrane,13040,35.0739077,-1.22747,1324
Bouhlou,بوحلو,13,Sabra,13010,34.773889,-1.5731,1347
Chetouane,شتوان,13,Chetouane,13028,34.9203342,-1.2975309,1350
Dar Yaghmoracen,دار يغمراسن,13,Ghazaouet,13012,35.10055556,-1.800833,1319
Djebala,جبالة,13,Nedroma,13018,34.976388,-1.7248,1309
El Fehoul,الفحول,13,Remchi,13007,35.12,-1.294444,1305
Fellaoucene,فلاوسن,13,Fellaoucene,13020,35.035,-1.605833,1320
Ghazaouet,الغزوات,13,Ghazaouet,13011,35.093858,-1.86038,1307
Hammam Boughrara,حمام بوغرارة,13,Maghnia,13033,34.8935,-1.6386,1328
Hennaya,الحناية,13,Hennaya,13029,34.9513889,-1.3710402,1326
Honnaine,هنين,13,Honaïne,13051,35.1789336,-1.6493532,1344
M'sirda Fouaga,مسيردة الفواقة,13,Marsa Ben M'Hidi,13038,35.019722,-2.065,1330
Maghnia,مغنية,13,Maghnia,13032,34.8534497,-1.730556,1327
Mansourah,منصورة,13,Mansourah,13034,34.871111,-1.3379985,1351
Marsa Ben M'hidi,مرسى بن مهيدي,13,Marsa Ben M'Hidi,13037,35.08669,-2.19771,1339
Nedroma,ندرومة,13,Nedroma,13019,35.01361,-1.748,1340
Oued Lakhdar,وادي الخضر,13,Ouled Mimoun,13023,34.8749625,-1.1341144,1311
Ouled Mimoun,أولاد ميمون,13,Ouled Mimoun,13024,34.90472,-1.0347,1313
Ouled Riyah,أولاد رياح,13,Hennaya,13030,34.9625,-1.49722221,1346
Remchi,الرمشي,13,Remchi,13004,35.06196,-1.43362,1304
Sabra,صبرة,13,Sabra,13009,34.8280257,-1.5283,1306
Sebbaa Chioukh,سبعة شيوخ,13,Remchi,13008,35.156111,-1.3558333,1322
Sebdou,سبدو,13,Sebdou,13046,34.639444,-1.32694,1335
Sidi Abdelli,سيدي العبدلي,13,Bensekrane,13039,35.069,-1.1371,1334
Sidi Medjahed,سيدي مجاهد,13,Beni Boussaid,13045,34.775277,-1.6367,1337
Souahlia,السواحلية,13,Ghazaouet,13013,35.033333,-1.8881,1329
Souani,السواني,13,Bab El Assa,13015,34.9218192,-1.9172519,1308
Souk Tleta,سوق الثلاثاء,13,,,,,
Terny Beni Hediel,تيرني بني هديل,13,,,,,
Tianet,تيانت,13,Ghazaouet,13014,35.090833,-1.8389,1345
Tlemcen,تلمسان,13,Tlemcen,13000,34.882777,-1.316667,1301
Zenata,زناتة,13,Hennaya,13031,35.0167,-1.4583,1316
Ain Bouchekif,عين بوشقيف,14,Dahmouni,14017,35.355833,1.51056,1403
Ain Deheb,عين الذهب,14,Aïn Deheb,14005,34.8422,1.5450766,1406
Ain Dzarit,عين دزاريت,14,,,,,
Ain El Hadid,عين الحديد,14,Frenda,14014,35.05783,0.88479,1418
Ain Kermes,عين كرمس,14,Aïn Kermes,14008,34.908176,1.10807,1428
Chehaima,شحيمة,14,Aïn Deheb,14006,34.8959,1.3047556,1436
Dahmouni,دحموني,14,Dahmouni,14016,35.4157148,1.483333,1413
Djebilet Rosfa,جبيلات الرصفاء,14,Aïn Kermes,14011,34.86375,1.015,1419
Djillali Ben Amar,جيلالي بن عمار,14,Mechraa Safa,14032,35.44444,0.84972221,1424
Faidja,الفايجة,14,Sougueur,14002,34.87,1.705556,1441
Frenda,فرندة,14,Frenda,14013,35.05,1.0538252,1427
Guertoufa,قرطوفة,14,Rahouia,14035,35.393056,1.25,1422
Madna,مادنة,14,Aïn Kermes,14009,34.753055,0.98278,1410
Mahdia,مهدية,14,Mahdia,14018,35.4270876,1.755,1415
Mechraa Safa,مشرع الصفا,14,Mechraa Safa,14031,35.38388889,1.03803,1434
Medrissa,مدريسة,14,Aïn Kermes,14010,34.8959,1.2407,1408
Medroussa,مدروسة,14,Medroussa,14028,35.17721,1.203611,1402
Meghila,مغيلة,14,Meghila,14039,35.5964786,1.4136,1421
Mellakou,ملاكو,14,Medroussa,14030,35.2497888,1.2337661,1412
Nadorah,الناظورة,14,Mahdia,14020,35.069,1.890556,1431
Naima,النعيمة,14,Aïn Deheb,14007,34.639444,1.4775,1420
Oued Lilli,وادي ليلي,14,Oued Lilli,14036,35.5107,1.2713,1433
Rahouia,الرحوية,14,Rahouia,14034,35.530278,1.6,1414
Sebaine,السبعين,14,Mahdia,14021,34.63797,1.603611,1425
Sebt,السبت,14,Meghila,14040,35.656111,1.3728,1411
Si Abdelghani,سي عبد الغني,14,Sougueur,14003,35.2194,1.638611,1417
Sidi Abderrahmane,سيدي عبد الرحمن,14,Aïn Kermes,14012,34.79861,1.130278,1438
Sidi Ali Mellal,سيدي علي ملال,14,Oued Lilli,14037,35.563333,1.2256,1404
Sidi Bakhti,سيدي بختي,14,Medroussa,14029,35.156111,0.9783,1407
Sidi Hosni,سيدي حسني,14,Meghila,14041,35.4711,1.521582,1423
Sougueur,السوقر,14,Sougueur,14001,35.18568,1.49612,1416
Tagdempt,تاقدمت,14,Mechraa Safa,14033,35.335556,1.5450766,1432
Takhemaret,تخمرت,14,Frenda,14015,35.035,0.683333333,1437
Tiaret,تيارت,14,Tiaret,14000,35.3667,1.3167,1401
Tidda,تيدة,14,Oued Lilli,14038,35.5825,1.266238,1442
Tousnina,توسنينة,14,Sougueur,14004,34.02,1.276389,1426
Abi-Youcef,أبي يوسف,15,Aïn El Hammam,15002,36.538333,4.343889,1531
Aghribs,أغريب,15,Azeffoun,15011,36.802222,4.3227777,1553
Agouni-Gueghrane,أقني قغران,15,Ouadhia,15054,36.5152247,4.1137957,1561
Ain-El-Hammam,عين الحمام,15,Aïn El Hammam,15001,36.57056,4.31111,1502
Ain-Zaouia,عين الزاوية,15,Draâ El Mizan,15034,36.5504491,3.89416,1525
Ait Aggouacha,أيت عقـواشة,15,Larbaâ Nath Irathen,15041,36.617777,4.23,1535
Ait Bouaddou,أيت بــوادو,15,Ouadhia,15055,36.50833333,4.058333,1565
Ait Boumahdi,أيت بومهدي,15,Ouacif,15051,36.4883,4.1820961,1530
Ait Khellili,أيت خليلي,15,Mekla,15048,36.6664742,4.3134,1558
Ait Yahia Moussa,أيت يحي موسى,15,Draâ El Mizan,15035,36.64111111,3.89,1556
Ait-Aissa-Mimoun,أيت عيسى ميمون,15,Ouaguenoun,15058,36.7486964,4.1156,1539
Ait-Chafaa,أيت شافع,15,Azeffoun,15012,36.81702,4.53358,1513
Ait-Mahmoud,أيت محمود,15,Beni Douala,15015,36.508394,3.993187,1528
Ait-Oumalou,أيت  أومالو,15,Tizi Rached,15066,36.6586389,4.2282093,1542
Ait-Toudert,أيت تودرت,15,Ouacif,15052,36.6914,4.1615,1567
Ait-Yahia,أيت يحيى,15,Aïn El Hammam,15003,36.6066637,4.330278,1527
Akbil,اقبيل,15,Aïn El Hammam,15004,36.4995515,4.3051542,1503
Akerrou,أقرو,15,Azeffoun,15013,36.7992,4.4206,1544
Assi-Youcef,أسي يوسف,15,Boghni,15022,36.5071,4,1566
Azazga,عزازقة,15,Azazga,15005,36.74472,4.37222,1518
Azeffoun,أزفون,15,Azeffoun,15010,36.8895311,4.4240151,1537
Beni Zmenzer,بنــــي زمنزار,15,Beni Douala,15017,36.64775,4.04202,1516
Beni-Aissi,بني عيسي,15,Beni Douala,15016,36.6636279,4.0938,1515
Beni-Douala,بني دوالة,15,Beni Douala,15014,36.61954,4.08282,1532
Beni-Yenni,بني يني,15,Beni Yenni,15018,36.5752,4.20764,1552
Beni-Zikki,بني زيكــي,15,,,,,
Boghni,بوغني,15,Boghni,15021,36.54222,3.95306,1540
Boudjima,بوجيمة,15,Makouda,15046,36.802,4.1481,1555
Bounouh,بونوح,15,Boghni,15023,36.49935,4.07056,1512
Bouzeguene,بوزقــن,15,,,,,
Draa-Ben-Khedda,ذراع بن خدة,15,Draâ Ben Khedda,15029,36.7309604,3.9652509,1547
Draa-El-Mizan,ذراع الميزان,15,Draâ El Mizan,15033,36.536,3.833,1510
Freha,فريحة,15,Azazga,15006,36.76124,4.3194,1504
Frikat,فريقات,15,Draâ El Mizan,15036,36.4926443,3.99472221,1514
Iboudrarene,إبودرارن,15,Beni Yenni,15019,36.529,4.298611,1560
Idjeur,إيجــار,15,Bouzguène,15027,36.6664,4.5186,1549
Iferhounene,إفــرحــونان,15,Iferhounène,15037,36.51667,4.38333,1517
Ifigha,إيفيغاء,15,Azazga,15007,36.671389,4.469722,1541
Iflissen,إفليـــسن,15,Tigzirt,15061,36.89623,4.2230836,1554
Illilten,إيلـيــلتـن,15,Iferhounène,15038,36.5167,4.0497,1533
Illoula Oumalou,إيلولة أومـــالو,15,Bouzguène,15028,36.5667,4.59611,1519
Imsouhal,إمســوحال,15,,,,,
Irdjen,إيرجـــن,15,Larbaâ Nath Irathen,15042,36.6562,4.140165,1507
Larbaa Nath Irathen,الأربعــاء ناث إيراثن,15,Larbaâ Nath Irathen,15040,36.63667,4.206709,1521
M'kira,مكيرة,15,Tizi Gheniff,15064,36.6253,3.993611,1526
Maatkas,معـــاتقة,15,Mâatkas,15043,36.6194358,3.9572374,1529
Makouda,ماكودة,15,Makouda,15045,36.791944,4.063,1509
Mechtras,مشطراس,15,Boghni,15024,36.53117,3.9981,1506
Mekla,مقــلع,15,Mekla,15047,36.68178,4.264103,1550
Mizrana,ميزرانـــة,15,Tigzirt,15062,36.89623,4.096111,1562
Ouacif,واسيف,15,Ouacif,15050,36.5245,4.20556,1548
Ouadhias,واضية,15,Ouadhia,15053,36.55611,4.0897,1536
Ouaguenoun,واقنون,15,Ouaguenoun,15057,36.758895,4.174722,1524
Sidi Namane,سيدي نعمان,15,Draâ Ben Khedda,15030,36.7169,3.9839,1559
Souama,صوامـــع,15,,,,,
Souk-El-Tenine,سوق الإثنين,15,Souk El Ténine,06042,36.6256524,5.3360215,608
Tadmait,تادمايت,15,Draâ Ben Khedda,15031,36.74413,3.90045,1564
Tigzirt,تيقـزيرت,15,Tigzirt,15060,36.89623,4.12142,1538
Timizart,تيمـيزار,15,Ouaguenoun,15059,36.8,4.2667,1508
Tirmitine,تيرمتين,15,Draâ Ben Khedda,15032,36.66180861,3.984722,1543
Tizi N'tleta,تيزي نثلاثة,15,Ouadhia,15056,36.5457,4.057,1551
Tizi-Gheniff,تيزي غنيف,15,Tizi Gheniff,15063,36.58839,3.77445,1511
Tizi-Ouzou,تيزي وزو,15,Tizi Ouzou,15000,36.733333,4.05,1501
Tizi-Rached,تيزي راشد,15,Tizi Rached,15065,36.6799518,4.2087286,1522
Yakourene,إعــكورن,15,,,,,
Yatafene,يطــافن,15,,,,,
Zekri,زكري,15,Azazga,15009,36.78027778,4.5531,1523
Ain Benian,عين بنيان,16,Chéraga,16042,36.791944,2.9337917,1657
Ain Taya,عين طاية,16,Dar El Beïda,16033,36.7852529,3.2869,1641
Alger Centre,الجزائر الوسطى,16,Sidi M'Hamed,16000,36.76846,3.0909,1601
Bab El Oued,باب الوادي,16,Bab El Oued,16008,36.790703,3.05,1605
Bab Ezzouar,باب الزوار,16,Dar El Beïda,16030,36.7206251,3.1853,1621
Baba Hassen,بابا حسن,16,Draria,16055,36.694697,2.972,1647
Bachedjerah,باش جراح,16,El Harrach,16024,36.7006,3.0667,1619
Baraki,براقي,16,Baraki,16026,36.6667,3.0961,1614
Ben Aknoun,ابن عكنون,16,Bouzareah,16020,36.758895,3.0100658,1622
Beni Messous,بني مسوس,16,Bouzareah,16021,36.73962,2.974444,1632
Bir Mourad Rais,بئر مراد رايس,16,Bir Mourad Raïs,16013,36.7323254,3.045,1609
Bir Touta,بئر توتة,16,Birtouta,16039,36.62815,2.99889,1636
Birkhadem,بئر خادم,16,Bir Mourad Raïs,16014,36.71499,3.05002,1612
Bologhine Ibnou Ziri,بولوغين بن زيري,16,,,,,
Bordj El Bahri,برج البحري,16,Dar El Beïda,16034,36.779133,3.22248,1642
Bordj El Kiffan,برج الكيفان,16,Dar El Beïda,16032,36.74871,3.19249,1630
Bourouba,بوروبة,16,El Harrach,16025,36.711707,3.1165,1616
Bouzareah,بوزريعة,16,Bouzareah,16019,36.79,3.0177,1611
Casbah,القصبة,16,Bab El Oued,16010,36.7844961,3.058872,1607
Cheraga,الشراقة,16,Chéraga,16045,36.7677,2.95924,1652
Dar El Beida,الدار البيضاء,16,Dar El Beïda,16029,36.7133,3.2125,1620
Dely Ibrahim,دالي ابراهيم,16,Chéraga,16044,36.7528506,2.9800558,1623
Djasr Kasentina,جسر قسنطينة,16,Bir Mourad Raïs,16015,36.6969,3.058889,1626
Douira,الدويرة,16,Draria,16054,36.67,2.9275836,1648
Draria,الدرارية,16,Draria,16053,36.7172858,3.0025615,1649
El Achour,العاشور,16,Draria,16052,36.7285583,2.9825559,1654
El Biar,الابيار,16,Bouzareah,16018,36.7677,3.0297,1610
El Harrach,الحراش,16,El Harrach,16022,36.7164,3.715,1613
El Madania,المدنية,16,Sidi M'Hamed,16002,36.7411788,3.0688896,1603
El Magharia,المغارية,16,Hussein Dey,16007,36.7319999,3.1114879,1631
El Marsa,المرسى,16,Dar El Beïda,16035,36.8111249,3.254722,1643
El Mouradia,المرادية,16,Sidi M'Hamed,16003,36.7497677,3.0488564,1627
Hammamet,الحمامات,16,Chéraga,16043,36.8041635,3.0034,1624
Herraoua,هراوة,16,Rouïba,16036,36.77278,3.253056,1639
Hussein Dey,حسين داي,16,Hussein Dey,16005,36.744147,3.092008,1617
Hydra,حيدرة,16,Bir Mourad Raïs,16016,36.7409507,3.0251,1628
Khraissia,الخرايسية,16,,,,,
Kouba,القبة,16,Hussein Dey,16006,36.74413,3.086474,1618
Les Eucalyptus,الكاليتوس,16,Baraki,16027,36.6664,3.1679257,1633
Maalma,المعالمة,16,,,,,
Mohamed Belouzdad,محمد بلوزداد,16,,,,,
Mohammadia,المحمدية,16,Dar El Beïda,16031,36.7349528,3.1528692,1629
Oued Koriche,وادي قريش,16,Bab El Oued,16011,36.7836306,3.042698,1608
Oued Smar,وادي السمار,16,El Harrach,16023,36.74472,3.172222222,1615
Ouled Chebel,اولاد شبل,16,Birtouta,16041,36.6044691,2.9875565,1635
Ouled Fayet,اولاد فايت,16,Chéraga,16046,36.7365,2.949444,1651
Rahmania,الرحمانية,16,Zéralda,16050,36.680833,2.906,1648
Rais Hamidou,الرايس حميدو,16,Bab El Oued,16012,36.81784,3.18,1625
Reghaia,رغاية,16,Rouïba,16038,36.7359,3.3402,1640
Rouiba,الرويبة,16,Rouïba,16037,36.7259091,3.28079,1638
Sehaoula,السحاولة,16,,,,,
Sidi M'hamed,سيدي امحمد,16,Sidi M'Hamed,16001,36.7563368,3.0551159,1602
Sidi Moussa,سيدي موسى,16,Baraki,16028,36.605556,3.088,1637
Souidania,سويدانية,16,Zéralda,16051,36.7089832,2.9026172,1649
Staoueli,سطاوالي,16,Zéralda,16047,36.753333,2.894444,1645
Tessala El Merdja,تسالة المرجة,16,Birtouta,16040,36.6222556,2.9225893,1634
Zeralda,زرالدة,16,Zéralda,16048,36.6946148,2.8277963,1646
Ain Chouhada,عين الشهداء,17,El Idrissia,17017,34.2413281,2.522269,1723
Ain El Ibel,عين الإبل,17,Aïn El Ibel,17001,34.35472,3.2239,1730
Ain Maabed,عين معبد,17,Hassi Bahbah,17027,34.8056891,3.13333333,1705
Benyagoub,بن يعقوب,17,,,,,
Charef,الشارف,17,Charef,17009,34.621,2.80111,1726
Dar Chioukh,دار الشيوخ,17,Dar Chioukh,17012,34.9,3.4833,1725
Djelfa,الجلفة,17,Djelfa,17000,34.67279,3.25,1701
Douis,دويس,17,El Idrissia,17016,34.3683656,2.701075597,1715
El Guedid,القديد,17,Charef,17010,34.64650126,2.616250107,1703
El Idrissia,الادريسية,17,El Idrissia,17015,34.4548511,2.5247449,1714
Hassi Bahbah,حاسي بحبح,17,Hassi Bahbah,17024,35.0782285,3.0297,1704
Hassi El Euch,حاسي العش,17,Hassi Bahbah,17026,35.15200699,3.248451487,1716
M'liliha,مليليحة,17,Dar Chioukh,17013,34.71228784,3.765454396,1713
Moudjebara,مجبارة,17,Aïn El Ibel,17002,34.5040006,3.470436,1702
Sidi Baizid,سيدي بايزيد,17,Dar Chioukh,17014,35.058055,3.430556,1712
Taadmit,تعظميت,17,,,,,
Zaafrane,زعفران,17,Hassi Bahbah,17025,34.850833,2.856944,1728
Zaccar,زكار,17,Aïn El Ibel,17004,34.430832,3.327222,1710
Bordj T'har,برج الطهر,18,,,,,
Boudria Beniyadjis,بودريعة بني  ياجيس,18,,,,,
Bouraoui Belhadef,بوراوي بلهادف,18,El Ancer,18020,36.6977238,6.1043336,1816
Boussif Ouled Askeur,بوسيف أولاد عسكر,18,Taher,18009,36.6383,6.019167,1819
Chahna,الشحنة,18,Taher,18007,36.6793738,5.9572034,1808
Chekfa,الشقفة,18,Chekfa,18010,36.7714,5.9594,1807
Djemaa Beni Habibi,الجمعة بني حبيبي,18,El Ancer,18019,36.7091,6.1294,1825
Djimla,جيملة,18,Djimla,18026,36.58,5.884167,1817
El Ancer,العنصر,18,El Ancer,18018,36.7989,6.15721,1812
El Aouana,العوانة,18,El Aouana,18002,36.7727264,5.61,1803
El Kennar Nouchfi,القنار نشفي,18,Chekfa,18012,36.8256803,5.9627714,1820
El Milia,الميلية,18,El Milia,18014,36.7507275,6.2725,1809
Emir Abdelkader,الامير عبد القادر,18,Taher,18006,36.751944,5.848611,1806
Erraguene Souissi,أراقن سويسي,18,,,,,
Ghebala,غبالة,18,Settara,18017,36.6284551,6.3283,1815
Jijel,جيجل,18,Jijel,18000,36.82055,5.7667,1801
Kaous,قاوس,18,Texenna,18024,36.7718,5.8136168,1814
Khiri Oued Adjoul,خيري واد عجول,18,,,,,
Oudjana,وجانة,18,,,,,
Ouled Rabah,أولاد رابح,18,Sidi Maarouf,18023,36.568,6.1677,1827
Ouled Yahia Khadrouch,أولاد يحيى خدروش,18,El Milia,18015,36.717222,6.2008333,1821
Selma Benziada,سلمى بن زيادة,18,El Aouana,18003,36.627222,5.6483,1818
Settara,السطارة,18,Settara,18016,36.719444,6.335556,1811
Sidi Abdelaziz,سيدي عبد العزيز,18,Chekfa,18013,36.85,6.05,1813
Sidi Marouf,سيدي معروف,18,Sidi Maarouf,18022,36.6475,6.2725,1810
Taher,الطاهير,18,Taher,18005,36.763,5.8979,1805
Texenna,تاكسنة,18,Texenna,18025,36.6605556,5.791,1824
Ziama Mansouriah,زيامة منصورية,18,Ziama Mansouriah,18004,36.6737,5.48119,1804
Ain Abessa,عين عباسة,19,Aïn Arnat,19002,36.3,5.295,1914
Ain Arnat,عين أرنات,19,Aïn Arnat,19001,36.1868,5.31347,1926
Ain Azel,عين أزال,19,Aïn Azel,19005,35.8184752,5.5219,1940
Ain El Kebira,عين الكبيرة,19,Aïn El Kebira,19009,36.3647,5.5019,1902
Ain Lahdjar,عين الحجر,19,Aïn Azel,19006,35.938611,5.539167,1918
Ain Oulmene,عين ولمان,19,Aïn Oulmene,19012,35.91666667,5.29604,1928
Ain-Legradj,عين لقراج,19,Beni Ourtilane,19025,36.4096669,4.891,1913
Ain-Roua,عين الروى,19,Bougaa,19037,36.3129898,5.1953554,1906
Ain-Sebt,عين السبت,19,Beni Aziz,19022,36.4833899,5.711,1949
Ait Naoual Mezada,أيت نوال مزادة,19,Bouandas,19033,36.54217,5.09004,1951
Ait-Tizi,ايت تيزي,19,Bouandas,19034,36.1247,5.2967,1954
Amoucha,عموشة,19,Amoucha,19016,36.38735,5.4137,1927
Babor,بابور,19,Babor,19019,36.48994,5.5399,1916
Bazer-Sakra,بازر سكرة,19,,,,,
Beidha Bordj,بيضاء برج,19,Aïn Azel,19007,35.891667,5.66861,1929
Bellaa,بلاعة,19,Bir El Arch,19029,36.2025,5.8536111,1925
Beni Chebana,بني شبانة,19,Beni Ourtilane,19026,36.468333,4.8683,1909
Beni Fouda,بني فودة,19,Djemila,19040,36.2861111,5.60722,1944
Beni Ourtilane,بني ورتيلان,19,Beni Ourtilane,19024,36.442222,4.9,1922
Beni Oussine,بني وسين,19,,,,,
Beni-Aziz,بني عزيز,19,Beni Aziz,19021,36.4648323,5.6563119,1903
Beni-Mouhli,بني موحلي,19,Beni Ourtilane,19027,36.50739,4.91503,1946
Bir Haddada,بئر حدادة,19,Aïn Azel,19008,35.962777,5.3802134,1934
Bir-El-Arch,بئر العرش,19,Bir El Arch,19028,36.1016103,5.7932008,1908
Bouandas,بوعنداس,19,Bouandas,19032,36.494722,5.1019,1930
Bougaa,بوقاعة,19,Bougaa,19036,36.33293,5.08843,1943
Bousselam,بوسلام,19,Bouandas,19035,36.498889,5.0378,1919
Boutaleb,بوطالب,19,Salah Bey,19056,35.66024,5.32103,1905
Dehamcha,الدهامشة,19,Aïn El Kebira,19010,36.3821,5.5953,1915
Djemila,جميلة,19,Djemila,19039,36.31351,5.73697,1921
Draa-Kebila,ذراع قبيلة,19,Hammam Guergour,19049,36.4629,4.99551,1907
El Eulma,العلمة,19,El Eulma,19041,36.156449,5.69016,1920
El Ouricia,أوريسيا,19,Aïn Arnat,19003,36.2924521,5.4,1937
El-Ouldja,الولجة,19,Bir El Arch,19030,36.06371,5.95369,1959
Guellal,قلال,19,Aïn Oulmene,19013,36.0353,5.328,1948
Guelta Zerka,قلتة زرقاء,19,El Eulma,19043,36.2045916,5.6773512,1956
Guenzet,قنزات,19,Guenzet,19046,36.31667,4.833333333,1941
Guidjel,قجال,19,Guidjel,19044,36.19119,5.52999,1917
Hamam Soukhna,حمام السخنة,19,Hammam Soukhna,19050,35.976944,5.808889,1932
Hamma,الحامة,19,Salah Bey,19057,35.680556,5.37277,1911
Hammam Guergour,حمام قرقور,19,Hammam Guergour,19048,36.32189,5.0535232,1950
Harbil,حربيل,19,Guenzet,19047,36.32488,4.92641,1936
Kasr El Abtal,قصر الابطال,19,,,,,
Maaouia,معاوية,19,Beni Aziz,19023,36.38899,5.70995,1912
Maouaklane,ماوكلان,19,Maoklane,19053,36.3968,5.0752,1955
Mezloug,مزلوق,19,Aïn Arnat,19004,36.10778,5.4,1933
Oued El Bared,واد البارد,19,,,,,
Ouled Addouane,أولاد عدوان,19,Aïn El Kebira,19011,36.3401,5.3360215,1924
Ouled Sabor,أولاد صابر,19,Guidjel,19045,36.16561,5.524,1947
Ouled Si Ahmed,أولاد سي أحمد,19,Aïn Oulmene,19015,35.901111,5.1640605,1904
Ouled Tebben,أولاد تبان,19,Salah Bey,19058,35.7875,5.1223608,1910
Rosfa,الرصفة,19,Salah Bey,19059,35.810277,5.265277,1923
Salah Bey,صالح باي,19,Salah Bey,19055,35.855,5.291,1939
Serdj-El-Ghoul,سرج الغول,19,Babor,19020,36.478,5.58,1935
Setif,سطيف,19,Sétif,19000,36.19112,5.4150871,1901
Tachouda,تاشودة,19,Bir El Arch,19031,36.2664729,5.713055,1945
Tala-Ifacene,تالة إيفاسن,19,Maoklane,19054,36.458333,5.088889,1942
Taya,الطاية,19,Hammam Soukhna,19051,35.96,5.9675,1958
Tella,التلة,19,Hammam Soukhna,19052,35.93794,5.7179,1960
Tizi N'bechar,تيزي نبشار,19,Amoucha,19018,36.529,5.36,1938
Ain El Hadjar,عين الحجر,20,Aïn El Hadjar,20001,34.75846,0.1444,2003
Ain Sekhouna,عين السخونة,20,El Hassasna,20009,34.50446,0.84412,2013
Ain Soltane,عين السلطان,20,Ouled Brahim,20013,34.96647,0.3075,2016
Doui Thabet,دوي ثابت,20,Youb,20015,34.89306,-0.0842,2002
El Hassasna,الحساسنة,20,El Hassasna,20008,34.824167,0.1,2010
Hounet,هونت,20,Sidi Boubekeur,20007,35.1108,-0.15,2007
Maamora,المعمورة,20,El Hassasna,20010,34.681667,0.15,2011
Moulay Larbi,مولاي العربي,20,Aïn El Hadjar,20002,34.648611,0.0167,2005
Ouled Brahim,أولاد إبراهيم,20,Ouled Brahim,20011,34.99,0.4772,2612
Ouled Khaled,أولاد خالد,20,Sidi Boubekeur,20005,34.87666667,0.152777778,2004
Saida,سعيدة,20,Saïda,20000,34.833333,0.15,2001
Sidi Ahmed,سيدي احمد,20,Aïn El Hadjar,20003,34.55,0.259722,2012
Sidi Amar,سيدي عمر,20,Sidi Boubekeur,20006,35.025278,0.1015,2008
Sidi Boubekeur,سيدي بوبكر,20,Sidi Boubekeur,20004,35.02888889,0.0536592,2009
Tircine,تيرسين,20,Ouled Brahim,20012,34.901388,0.5547,2015
Youb,يوب,20,Youb,20014,34.92186,-0.208133,2006
Ain Bouziane,عين بوزيان,21,Sidi Mezghiche,21031,36.6024073,6.7513889,2122
Ain Charchar,عين شرشار,21,Azzaba,21004,36.7336763,7.2234899,2106
Ain Kechra,عين قشرة,21,Aïn Kechra,21022,36.7483,6.4349765,2127
Ain Zouit,عين زويت,21,El Hadaiek,21015,36.89027778,6.7856,2102
Azzaba,عزابة,21,Azzaba,21003,36.73944,7.10528,2104
Bekkouche Lakhdar,بكوش لخضر,21,Ben Azzouz,21009,36.791944,7.30625,2107
Ben Azzouz,بن عزوز,21,Ben Azzouz,21008,36.46,7.057,2108
Beni Bechir,بني بشير,21,Ramdane Djamel,21029,36.783333,6.933333,2124
Beni Oulbane,بني ولبان,21,Sidi Mezghiche,21032,36.6833333,6.6389,2121
Beni Zid,بني زيد,21,Collo,21012,36.8080556,6.5056,2111
Bin El Ouiden,بين الويدان,21,Tamalous,21034,36.8079,6.5656,2129
Bouchetata,بوشطاطة,21,El Hadaiek,21016,36.7938,6.79722,2134
Cheraia,الشرايع,21,Collo,21013,37.00194,6.4972247,2131
Collo,القل,21,Collo,21011,37.0072,6.5609,2110
Djendel Saadi Mohamed,جندل سعدي محمد,21,Azzaba,21005,36.78,7.1709,2105
El Arrouch,الحروش,21,El Harrouch,21017,36.6531,6.64917,2116
El Ghedir,الغدير,21,Azzaba,21006,36.688333,6.97778,2133
El Hadaiek,الحدائق,21,El Hadaiek,21014,36.8259805,6.8873791,2103
El Marsa,المرسى,21,Ben Azzouz,21010,37.03,7.2531,2138
Emjez Edchich,مجاز الدشيش,21,,,,,
Es Sebt,السبت,21,Azzaba,21007,36.802,7.0774269,2109
Filfila,فلفلة,21,Skikda,21001,36.8828035,7.0821162,2130
Hammadi Krouma,حمادي كرومة,21,Skikda,21002,36.844,6.89262,2137
Kanoua,قنواع,21,Zitouna,21037,37.0375,6.405556,2132
Kerkara,الكركرة,21,,,,,
Khenag Maoune,خناق مايو,21,,,,,
Oued Zhour,وادي الزهور,21,Ouled Attia,21026,36.9221397,6.315556,2114
Ouldja Boulbalout,الولجة بولبلوط,21,,,,,
Ouled Attia,أولاد عطية,21,Ouled Attia,21024,36.994444,6.341389,2113
Ouled Habbaba,أولاد حبابة,21,El Harrouch,21019,36.503333,6.9575,2118
Oum Toub,أم الطوب,21,Oum Toub,21027,36.72611,6.58,2128
Ramdane Djamel,رمضان جمال,21,Ramdane Djamel,21028,36.7552525,6.8927193,2123
Salah Bouchaour,صالح بو الشعور,21,El Harrouch,21020,36.740543,6.87296,2125
Sidi Mezghiche,سيدي مزغيش,21,Sidi Mezghiche,21030,36.68333333,6.7167,2119
Skikda,سكيكدة,21,Skikda,21000,36.87617,6.9,2101
Tamalous,تمالوس,21,Tamalous,21033,36.8357539,6.6417,2126
Zerdezas,زردازة,21,El Harrouch,21021,36.597811,6.896718,2117
Zitouna,الزيتونة,21,Zitouna,21036,36.9880728,6.46049,2115
Ain El Berd,عين البرد,22,Aïn El Berd,22001,35.363949,-0.51278,2228
Ain Kada,عين قادة,22,Sidi Ali Boussidi,22034,35.1369491,-0.8558715,2225
Ain Thrid,عين الثريد,22,Tessala,22050,35.284722,-0.67583333,2215
Ain Tindamine,عين تندمين,22,Moulay Slissen,22022,34.6897222,-0.720555,2224
Ain- Adden,عين أدن,22,Sfisef,22028,35.329444,-0.26139,2230
Amarnas,العمارنة,22,Sidi Lahcene,22038,35.135556,-0.62278,2212
Bedrabine El Mokrani,بضرابين المقراني,22,,,,,
Belarbi,بلعربي,22,Mostefa Ben Brahim,22019,35.15,0.15,2242
Ben Badis,بن باديس,22,Ben Badis,22005,34.95234,-0.91609,2245
Benachiba Chelia,بن عشيبة شلية,22,Tenira,22047,34.9634,-0.6145,2251
Bir El Hammam,بئر الحمام,22,Marhoum,22011,34.418889,-0.49923,2248
Boudjebaa El Bordj,بوجبهة البرج,22,Sfisef,22029,35.34988,-0.3247,2238
Boukhanefis,بوخنفيس,22,,,,,
Chetouane Belaila,شيطوان البلايلة,22,,,,,
Dhaya,الضاية,22,Telagh,22043,34.67585,-0.6208,2232
El Hacaiba,الحصيبة,22,Moulay Slissen,22021,34.7,-0.7667,2219
Hassi Dahou,حاسي دحو,22,Tenira,22048,35.071944,-0.5456,2252
Hassi Zahana,حاسي زهانة,22,Ben Badis,22007,34.9876,-0.89,2220
Lamtar,لمطار,22,Sidi Ali Boussidi,22035,35.070555,-0.798056,2234
M'cid,مسيد,22,Sfisef,22027,35.1165888,0.15,2226
Makedra,مكدرة,22,Aïn El Berd,22003,35.440833,-0.4314,2216
Marhoum,مرحوم,22,Marhoum,22009,34.446751,-0.195025,2210
Merine,مرين,22,Merine,22012,34.7805884,-0.451,2222
Mezaourou,مزاورو,22,Telagh,22042,34.8173267,-0.6233189,2206
Mostefa  Ben Brahim,مصطفى بن ابراهيم,22,Mostefa Ben Brahim,22016,35.1925,-0.358,2204
Moulay Slissen,مولاي سليسن,22,Moulay Slissen,22020,34.8222,-0.76041,2218
Oued Sebaa,وادي السبع,22,Ras El Ma,22024,34.5866667,-0.824167,2237
Oued Sefioun,وادي سفيون,22,Tenira,22046,34.996111,-0.0933333,2243
Oued Taourira,وادي تاوريرة,22,Merine,22014,34.61972,-0.33889,2231
Ras El Ma,راس الماء,22,Ras El Ma,22023,34.4973612,-0.8055976,2223
Redjem Demouche,رجم دموش,22,Ras El Ma,22025,34.427222,-0.8097222,2250
Sehala Thaoura,السهالة الثورة,22,Tessala,22051,35.222,-0.8317,2239
Sfisef,سفيزف,22,Sfisef,22026,35.23464,-0.24435,2229
Sidi Ali Benyoub,سيدي علي بن يوب,22,Sidi Ali Benyoub,22030,34.94555556,-0.7194,2246
Sidi Ali Boussidi,سيدي علي بوسيدي,22,Sidi Ali Boussidi,22033,35.1,-0.833333333,2208
Sidi Bel-Abbes,سيدي بلعباس,22,Sidi Bel Abbès,22000,35.2022249,-0.6298922,2201
Sidi Brahim,سيدي ابراهيم,22,Aïn El Berd,22002,35.26055556,-0.5675,2203
Sidi Chaib,سيدي شعيب,22,Marhoum,22010,34.3411,-0.54861,2235
Sidi Dahou Zairs,سيدي دحو الزاير,22,Sidi Ali Boussidi,22036,35.11714,-0.91001,2236
Sidi Hamadouche,سيدي حمادوش,22,Aïn El Berd,22004,35.1375,-0.548889,2241
Sidi Khaled,سيدي خالد,22,Sidi Lahcene,22039,35.11349,-0.71969,2227
Sidi Lahcene,سيدي لحسن,22,Sidi Lahcene,22037,35.1632838,-0.6959152,2214
Sidi Yacoub,سيدي يعقوب,22,Sidi Lahcene,22040,35.13583,-0.786111,2240
Tabia,طابية,22,Sidi Ali Benyoub,22032,35.206,-0.73389,2221
Taoudmout,تاودموت,22,Merine,22015,34.58777778,-0.1103,2249
Tefessour,تفسور,22,,,,,
Teghalimet,تغاليمت,22,Telagh,22044,34.882777,-0.55,2244
Telagh,تلاغ,22,Telagh,22041,34.7949589,-0.5722,2205
Tenira,تنيرة,22,Tenira,22045,35.0197,-0.52897,2217
Tessala,تسالة,22,Tessala,22049,35.24356,-0.773163,2202
Tilmouni,تلموني,22,Mostefa Ben Brahim,22017,35.083333,-0.5905178,2213
Zerouala,زروالة,22,Mostefa Ben Brahim,22018,35.242222,-0.522,2233
Ain El Berda,عين الباردة,23,Aïn Berda,23002,36.65,7.58333,2309
Annaba,عنابة,23,Annaba,23000,36.9,7.7667,2301
Berrahal,برحال,23,Berrahal,23007,36.833333,7.45,2302
Chetaibi,شطايبي,23,Chetaïbi,23010,36.805556,7.38028,2310
Cheurfa,الشرفة,23,Aïn Berda,23003,36.7236097,7.5788975,2307
El Bouni,البوني,23,El Bouni,23011,36.8535764,7.663889,2305
El Eulma,العلمة,23,El Eulma,19041,36.156449,5.69016,1920
El Hadjar,الحجار,23,El Hadjar,23005,36.80377,7.737,2303
Oued El Aneb,واد العنب,23,Berrahal,23008,36.883333,7.5030669,2306
Seraidi,سرايدي,23,Annaba,23001,36.91129,7.666667,2308
Sidi Amar,سيدي عمار,23,El Hadjar,23006,36.8175,7.71641,2311
Treat,التريعات,23,Berrahal,23009,36.89747,7.683333333,2312
Ain Ben Beida,عين بن بيضاء,24,Bouchegouf,24018,36.61667,7.7,2414
Ain Larbi,عين العربي,24,Houari Boumédiène,24029,36.265833,7.3962,2423
Ain Makhlouf,عين مخلوف,24,Aïn Makhlouf,24009,36.243333,7.250833,2413
Ain Regada,عين رقادة,24,Aïn Makhlouf,24011,36.259444,7.0739,2432
Ain Sandel,عين صندل,24,Aïn Makhlouf,24010,36.24472222,7.5125,2407
Belkheir,بلخير,24,Guelma,24001,36.4587897,7.479,2410
Bendjarah,بن جراح,24,Guelma,24002,36.43222222,7.420833,2411
Beni Mezline,بني مزلين,24,Houari Boumédiène,24030,36.480833,7.6031,2416
Bordj Sabath,برج صباط,24,,,,,
Bou Hachana,بوحشانة,24,Guelaât Bou Sbaâ,24027,36.306868,7.5078039,2417
Bou Hamdane,بوحمدان,24,Hammam Debagh,24031,36.46277,7.116667,2412
Bouati Mahmoud,بوعاتي محمود,24,Héliopolis,24006,36.583333,7.333333,2403
Bouchegouf,بوشقوف,24,Bouchegouf,24016,36.4719271,7.72972,2425
Boumahra Ahmed,بومهرة أحمد,24,Guelma,24003,36.458007,7.51389,2431
Dahouara,الدهوارة,24,Hammam Debagh,24021,36.351667,7.732778,2409
Djeballah Khemissi,جبالة الخميسي,24,Oued Zenati,24032,36.5667,7.633333,2434
El Fedjoudj,الفجوج,24,Héliopolis,24005,36.5048237,7.399722,2420
Guelaat Bou Sbaa,قلعة بوصبع,24,,,,,
Guelma,قالمة,24,Guelma,24000,36.466,7.4206,2401
Hammam Debagh,حمام دباغ,24,Hammam Debagh,24019,36.461111,7.266667,2419
Hammam N'bail,حمام النبايل,24,Hammam N'Bails,24023,36.4648323,7.6436,2422
Heliopolis,هيليوبوليس,24,Héliopolis,24004,36.50361,7.4447,2426
Houari Boumedienne,هواري بومدين,24,Houari Boumédiène,24028,36.4154,7.28611,2427
Khezaras,لخزارة,24,,,,,
Medjez Amar,مجاز عمار,24,Bouchegouf,24017,36.4454,7.310556,2424
Medjez Sfa,مجاز الصفاء,24,Guelaât Bou Sbaâ,24026,36.43337,7.7824225,2430
Nechmaya,نشماية,24,Khezarra,24014,36.611389,7.513333,2402
Oued Cheham,وادي الشحم,24,Oued Zenati,24033,36.38333,7.76278,2433
Oued Ferragha,وادي فراغة,24,,,,,
Oued Zenati,وادي الزناتي,24,Oued Zenati,24007,36.3153,7.163889,2404
Ras El Agba,رأس العقبة,24,Oued Zenati,24008,36.372949,7.222816,2408
Roknia,الركنية,24,Hammam Debagh,24022,36.5481,7.22861,2428
Sellaoua Announa,سلاوة عنونة,24,Khezarra,24015,36.386944,7.250556,2429
Tamlouka,تاملوكة,24,Aïn Makhlouf,24012,36.15,7.14154,2405
Ain Abid,عين عبيد,25,Aïn Abid,25200,36.2325,6.944046,2507
Ain Smara,عين السمارة,25,Aïn Smara,25140,36.2675,6.50147,2510
Ben Badis,أبن باديس الهرية,25,Ben Badis,22005,34.95234,-0.91609,2245
Beni Hamidane,بني حميدان,25,Zighoud Youcef,25007,36.505561,6.54972221,2508
Constantine,قسنطينة,25,Constantine,25000,36.365,6.642433,2501
Didouche Mourad,ديدوش مراد,25,Hamma Bouziane,25009,36.4525,6.63639,2505
El Khroub,الخروب,25,El Khroub,25100,36.26333,6.69361,2506
Hamma Bouziane,حامة بوزيان,25,Hamma Bouziane,25008,36.41205,6.59603,2502
Ibn Ziad,ابن زياد,25,Ibn Ziad,25010,36.379167,6.4667,2512
Messaoud Boudjeriou,بوجريو مسعود,25,,,,,
Ouled Rahmoun,أولاد رحمون,25,El Khroub,25002,36.17148,6.6933,2509
Zighoud Youcef,زيغود يوسف,25,Zighoud Youcef,25300,36.53307,6.71238,2504
Aissaouia,العيساوية,26,Tablat,26008,36.419167,3.216111,2605
Baata,بعطة,26,El Omaria,26029,36.346389,3.110277,2624
Ben Chicao,بن شكاو,26,Ouzera,26013,36.1967899,2.8499,2630
Beni Slimane,بني سليمان,26,Beni Slimane,26400,36.22703,3.30596,2646
Berrouaghia,البرواقية,26,Berrouaghia,26200,36.13516,2.911,2647
Bir Ben Laabed,بئر بن عابد,26,El Guelb El Kebir,26033,36.0003,3.394722,2656
Bouaichoune,بوعيشون,26,Si Mahdjoub,26039,36.1625,2.6487087,2659
Bouchrahil,بوشراحيل,26,Sidi Naâmane,26042,36.252778,3.15861,2621
Bouskene,بوسكن,26,Beni Slimane,26024,36.191111,3.2361,2619
Djouab,جواب,26,Souagui,26019,36.13821,3.42701,2637
Draa Esmar,ذراع السمار,26,Médéa,26001,36.27354,2.71695,2654
El Azizia,العزيزية,26,El Azizia,26025,36.28656,3.49412,2636
El Guelbelkebir,القلب الكبير,26,El Guelb El Kebir,26031,36.25499914,3.416579076,2609
El Hamdania,الحمدانية,26,Ouzera,26012,36.3369617,2.8776638,2616
El Haoudane,الحوضان,26,,,,,
El Omaria,العمارية,26,El Omaria,26028,36.266667,3.03333,2607
Hannacha,حناشة,26,Ouamri,26036,36.19112,3.52556,2660
Khams Djouamaa,خمس جوامع,26,Sidi Naâmane,26041,36.1914,3.2367,2663
Maghraoua,مغراوة,26,El Azizia,26026,36.3512874,3.535277,2639
Medea,المدية,26,Médéa,26000,36.2675,2.75,2601
Medjebar,مجبر,26,Seghouane,26016,35.950556,3.46166,2662
Mezerana,مزغنة,26,Tablat,26009,36.3609993,3.3580828,2611
Mihoub,ميهوب,26,El Azizia,26027,36.3527,3.475833,2650
Ouamri,عوامري,26,Ouamri,26034,36.2333,2.566667,2643
Oued Harbil,وادي حربيل,26,Ouamri,26035,36.233333,2.6333,2629
Ouled Bouachra,أولاد بوعشرة,26,Si Mahdjoub,26038,36.160382,2.722206,2627
Ouled Brahim,أولاد إبراهيم,26,El Omaria,26030,36.244444,2.933611,2612
Ouled Deid,أولاد دايد,26,Berrouaghia,26005,36.112778,3.5167,2606
Ouzera,وزرة,26,Ouzera,26010,36.25,3.0551,2602
Rebaia,الربعية,26,Berrouaghia,26004,36.02783,3.138055,2620
Sedraya,سدراية,26,El Guelb El Kebir,26032,36.24294024,3.529038536,2661
Seghouane,سغوان,26,Seghouane,26014,36.19112,2.9,2648
Si Mahdjoub,سي المحجوب,26,Si Mahdjoub,26037,36.160382,2.722206,2644
Sidi Naamane,سيدي نعمان,26,Sidi Naâmane,26040,36.215056,3.123937,2626
Sidi Rabie,سيدي الربيع,26,Beni Slimane,26023,36.14766,3.75,2655
Sidi Zahar,سيدي زهار,26,Souagui,26020,36.07811,3.3317554,2628
Sidi Ziane,سيدي زيان,26,Souagui,26021,36.00933333,3.2556,2614
Souagui,السواقي,26,Souagui,26018,36.1167,3.26446,2633
Tablat,تابلاط,26,Tablat,26300,36.41211257,3.3101,2652
Tamesguida,تمسقيدة,26,Médéa,26002,36.323889,2.6894,2615
Tizi Mahdi,تيزي مهدي,26,Ouzera,26011,36.20283,2.77583,2613
Tletat Ed Douair,ثلاث دوائر,26,,,,,
Zoubiria,الزبيرية,26,Seghouane,26015,36.066667,2.9,2634
Achaacha,عشعاشة,27,Achaacha,27400,36.2463,0.6355803,2717
Ain-Boudinar,عين بودينار,27,Kheireddine,27030,36.0089774,0.1881358,2728
Ain-Nouissy,عين نويسي,27,Aïn Nouïssy,27019,35.8037574,0.05,2705
Ain-Sidi Cherif,عين سيدي الشريف,27,Mesra,27023,35.833056,0.13605,2721
Ain-Tedles,عين تادلس,27,Aïn Tedles,27100,35.9947,0.2949,2707
Benabdelmalek Ramdane,بن عبد المالك رمضان,27,,,,,
Bouguirat,بوقيراط,27,Bouguirat,27200,35.7502319,0.2566146,2719
Fornaka,فرناقة,27,Aïn Nouïssy,27021,35.75243,-0.0169,2703
Hadjadj,حجاج,27,Sidi Lakhdar,27027,36.0970536,0.333333,2714
Hassi Mameche,حاسي ماماش,27,Hassi Maameche,27001,35.8611,0.102718,2706
Hassiane,الحسيان (بني ياحي,27,Aïn Nouïssy,27020,35.7513939,0.076042105,2732
Khadra,خضرة,27,Achaacha,27016,36.2535711,0.5833,2718
Kheir-Eddine,خير الدين,27,Kheireddine,27029,35.9477561,0.17315,2711
Mansourah,منصورة,27,Mesra,27024,35.843611,0.231667,2723
Mazagran,مزغران,27,Hassi Maameche,27002,35.901944,0.726944,2727
Mesra,ماسرة,27,Mesra,27022,35.837222,0.169722222,2722
Mostaganem,مستغانم,27,Mostaganem,27000,35.9246589,0.09,2701
Nekmaria,نكمارية,27,Achaacha,27017,36.166667,0.616667,2715
Oued El Kheir,وادي الخير,27,Aïn Tedles,27007,35.950278,0.3808333,2709
Ouled Boughalem,أولاد بوغالم,27,Achaacha,27018,36.32027778,0.672778,2725
Ouled-Maalah,أولاد مع الله,27,,,,,
Safsaf,صفصاف,27,Bouguirat,27009,36.075278,0.4283333,2730
Sayada,صيادة,27,Kheireddine,27031,35.9477561,0.12916667,2702
Sidi Ali,سيدي علي,27,Sidi Ali,27300,36.0967786,0.4148744,2712
Sidi Belaattar,سيدي بلعطار,27,Aïn Tedles,27006,36.026698,0.26931,2710
Sidi-Lakhdar,سيدي لخضر,27,Sidi Lakhdar,27500,36.1428,0.460556,2716
Sirat,سيرات,27,Bouguirat,27010,35.7804,0.191667,2720
Souaflia,السوافلية,27,Bouguirat,27011,35.85,0.333333,2724
Sour,سور,27,Aïn Tedles,27005,35.85,0.34138888,2708
Stidia,ستيدية,27,Hassi Maameche,27003,35.8307225,0,2704
Tazgait,تزقايت,27,Sidi Ali,27014,36.083333,0.4675,2729
Touahria,الطواهرية,27,,,,,
Ain El Hadjel,عين الحجل,28,Aïn El Hadjel,28500,35.6746598,3.8821519,2817
Ain Khadra,عين الخضراء,28,Magra,28031,35.5393686,4.9718744,2813
Belaiba,بلعايبة,28,Magra,28032,35.7,5.074167,2815
Beni Ilmane,بني يلمان,28,Sidi Aïssa,28012,35.949167,4.11917,2845
Berhoum,برهوم,28,Magra,28030,35.654979,5.328,2812
Bouti Sayeh,بوطي السايح,28,Sidi Aïssa,28011,35.85,3.694444,2831
Chellal,شلال,28,Chellal,28034,35.516667,4.383333,2809
Dehahna,دهاهنة,28,Magra,28033,35.916667,5.00884,2830
Hammam Dalaa,حمام الضلعة,28,Hammam Dalaa,28001,35.85,4.37445,2803
Khettouti Sed-El-Jir,خطوطي سد الجير,28,Chellal,28036,35.687602,4.2538452,2832
M'sila,المسيلة,28,M'Sila,28000,35.71,4.5472,2801
M'tarfa,المطارفة,28,Ouled Derradj,28007,35.704444,4.6175,2806
Maadid,المعاضيد,28,Ouled Derradj,28006,35.8667,4.795556,2802
Maarif,معاريف,28,Chellal,28037,35.415278,4.354167,2829
Magra,مقرة,28,Magra,28400,35.617778,5.1074,2811
Ouanougha,ونوغة,28,Hammam Dalaa,28004,35.980833,3.883,2819
Ouled Addi Guebala,أولاد عدي لقبالة,28,Ouled Derradj,28008,35.670556,4.8728093,2814
Ouled Derradj,أولاد دراج,28,Ouled Derradj,28005,35.6927204,4.7833333,2804
Ouled Madhi,أولاد ماضي,28,Chellal,28035,35.576667,4.508333333,2810
Ouled Mansour,أولاد منصور,28,Hammam Dalaa,28003,35.729444,4.3770704,2828
Sidi Aissa,سيدي عيسى,28,Sidi Aïssa,28100,35.88638889,3.77236,2816
Sidi Hadjeres,سيدي هجرس,28,Aïn El Hadjel,28044,35.6719444,4.03527778,2818
Souamaa,السوامع,28,Ouled Derradj,28009,35.6546,4.668889,2840
Tarmount,تارمونت,28,Hammam Dalaa,28002,35.688056,4.174722,2805
Ain Fares,عين فارس,29,Aïn Fares,29001,35.4799,0.2449,2924
Ain Fekan,عين فكان,29,Aïn Fekan,29003,35.2153,-0.0016,2918
Ain Ferah,عين فراح,29,Oued El Abtal,29032,35.381111,0.7853763,2911
Ain Frass,عين أفرص,29,,,,,
Alaimia,العلايمية,29,Oggaz,29029,35.51011,-0.3225,2928
Aouf,عوف,29,Aouf,29005,35.1,0.15,2923
Benian,بنيان,29,Aouf,29007,35.21222,0.1397222,2919
Bou Henni,بوهني,29,Sig,29038,35.56055556,-0.084444444,2937
Bouhanifia,بوحنيفية,29,Bou Hanifia,29200,35.316111,-0.048333333,2902
Chorfa,الشرفاء,29,Sig,29037,35.431944,-0.245278,2943
El Bordj,البرج,29,El Bordj,29011,35.515833,0.3017,2917
El Gaada,القعدة,29,Zahana,29046,35.53333333,-0.183333333,2929
El Ghomri,الغمري,29,Mohammadia,29023,35.6883106,0.2069806,2934
El Gueitena,القطنة,29,,,,,
El Hachem,الحشم,29,Hachem,29019,35.366667,0.15,2907
El Keurt,القرط,29,Tizi,29044,35.381111,0.091667,2940
El Mamounia,المأمونية,29,Aïn Fares,29002,35.433333,0.2449,2939
El Menaouer,المنور,29,El Bordj,29013,35.394444,0.3713916,2921
Ferraguig,فراقيق,29,Mohammadia,29024,35.583333,0.0536592,2933
Froha,فروحة,29,Tizi,29043,35.3026637,0.1282536,2913
Gharrous,غروس,29,Aouf,29006,35.19583333,0.400833333,2941
Ghriss,غريس,29,Ghriss,29300,35.216944,0.1614,2912
Guerdjoum,قرجوم,29,Oued Taria,29035,35.15,0.0536592,2942
Hacine,حسين,29,Bou Hanifia,29010,35.33333333,0.09833,2904
Khalouia,خلوية,29,El Bordj,29012,35.4613997,0.1505556,2920
Makhda,ماقضة,29,,,,,
Maoussa,ماوسة,29,Ghriss,29018,35.3129898,0.2025,2905
Mascara,معسكر,29,Mascara,29000,35.4,0.133333,2901
Matemore,المطمور,29,Ghriss,29016,35.36140556,0.0536592,2914
Mocta-Douz,مقطع الدوز,29,Mohammadia,29025,35.6068031,-0.0489902,2936
Mohammadia,المحمدية,29,Mohammadia,29100,35.58839,0.0667,2931
Nesmot,نسمط,29,,,,,
Oggaz,عقاز,29,Oggaz,29028,35.566667,-0.25967,2927
Oued El Abtal,وادي الأبطال,29,Oued El Abtal,29031,35.455952,0.688,2910
Oued Taria,وادي التاغية,29,Oued Taria,29034,35.1130905,0.0910316,2922
Ras El Ain Amirouche,رأس عين عميروش,29,Oggaz,29030,35.5925,-0.2125,2944
Sedjerara,سجرارة,29,Mohammadia,29026,35.5397,0.213889,2935
Sehailia,السهايلية,29,Tighennif,29041,35.316667,0.15,2947
Sidi Abdeldjebar,سيدي عبد الجبار,29,Oued El Abtal,29033,35.258611,0.5233311,2946
Sidi Abdelmoumene,سيدي عبد المومن,29,,,,,
Sidi Boussaid,سيدي بوسعيد,29,Ghriss,29017,35.250556,0.296389,2916
Sidi Kada,سيدي قادة,29,Tighennif,29040,35.333333,0.343889,2908
Sig,سيق,29,Sig,29400,35.5283,-0.192778,2926
Tighennif,تيغنيف,29,Tighennif,29500,35.4143144,0.3292328,2906
Tizi,تيزي,29,Tizi,29042,35.31603,0.1542151,2903
Zahana,زهانة,29,Zahana,29045,35.48333333,-0.15,2930
Zelamta,زلامطة,29,,,,,
Ain Beida,عين البيضاء,30,Sidi Khouiled,30002,31.9377,5.39954,3002
El Borma,البرمة,30,El Borma,30007,31.656389,9.179167,3021
Hassi Ben Abdellah,حاسي بن عبد الله,30,Sidi Khouiled,30003,32.025833,5.468611,3012
Hassi Messaoud,حاسي مسعود,30,Hassi Messaoud,30500,31.7019,6.073,3004
N'goussa,انقوسة,30,N'Goussa,30005,32.141111,5.3096,3003
Ouargla,ورقلة,30,Ouargla,30000,31.95,5.3167,3001
Rouissat,الرويسات,30,Ouargla,30001,31.916667,5.35,3005
Sidi Khouiled,سيدي خويلد,30,Sidi Khouiled,30004,31.979722,5.418333,3011
Ain Biya,عين البية,31,,,,,
Ain Kerma,عين الكرمة,31,Bouhadjar,36018,36.5644539,8.201111,3621
Ain Turk,عين الترك,31,Aïn El Turk,31300,35.74494,-0.7697,3109
Arzew,أرزيو,31,Arzew,31200,35.85048,-0.3167,3106
Ben Freha,بن فريحة,31,Gdyel,31020,35.6937209,-0.4186546,3120
Bethioua,بطيوة,31,Bethioua,31007,35.805837,-0.2596,3107
Bir El Djir,بئر الجير,31,Bir El Djir,31003,35.7368,-0.545,3103
Boufatis,بوفاتيس,31,Oued Tlelat,31014,35.6791,-0.481667,3114
Bousfer,بوسفر,31,Aïn El Turk,31016,35.710833,-0.810556,3116
Boutlelis,بوتليليس,31,Boutlelis,31024,35.573,-0.8342,3124
El Ancor,العنصر,31,Aïn El Turk,31010,35.7408,-0.866667,3110
El Braya,البراية,31,Oued Tlelat,31018,35.612222,-0.516667,3118
El Kerma,الكرمة,31,Es Senia,31017,35.6186807,-0.578611111,3117
Es Senia,السانية,31,Es Senia,31100,35.6478,-0.6241804,3105
Gdyel,قديل,31,Gdyel,31002,35.8052667,-0.423746,3102
Hassi Ben Okba,حاسي بن عقبة,31,Bir El Djir,31019,35.72964,-0.465833,3119
Hassi Bounif,حاسي بونيف,31,Bir El Djir,31004,35.6792778,-0.5,3104
Hassi Mefsoukh,حاسي مفسوخ,31,Gdyel,31021,35.7861,-0.374167,3121
Marsat El Hadjadj,مرسى الحجاج,31,Bethioua,31008,35.783333,-0.166667,3108
Mers El Kebir,المرسى الكبير,31,Aïn El Turk,31015,35.728611,-0.706944,3115
Messerghin,مسرغين,31,Boutlelis,31023,35.6455611,-0.7722974,3123
Oran,وهران,31,Oran,31000,35.70833333,-0.6331,3101
Oued Tlelat,وادي تليلات,31,Oued Tlelat,31011,35.5519239,-0.4522604,3111
Sidi Ben Yebka,سيدي بن يبقى,31,Arzew,31022,35.82972,-0.394722,3122
Sidi Chami,سيدي الشحمي,31,Es Senia,31013,35.62687,-0.5217,3113
Tafraoui,طفراوي,31,Oued Tlelat,31012,35.483333,-0.516667,3112
Boualem,بوعلام,32,Boualem,32005,33.72903,1.5329678,3206
Bougtoub,بوقطب,32,Bougtoub,32009,34.1436111,0.033333,3210
Brezina,بريزينة,32,Brezina,32003,33.08333333,1.261,3204
Cheguig,الشقيق,32,Rogassa,32015,34.168889,1.228056,3217
El Bayadh,البيض,32,El Bayadh,32000,33.7216667,1.020278,3201
El Kheiter,الخيثر,32,Bougtoub,32010,34.14333333,0.073333333,3211
Ghassoul,الغاسول,32,Brezina,32004,33.377222,1.2030556,3205
Kef El Ahmar,الكاف الأحمر,32,Rogassa,32021,34.15,0.5975443,3212
Krakda,كراكدة,32,Brezina,32013,33.319167,0.957222,3215
Rogassa,رقاصة,32,Rogassa,32001,34.0188896,0.9271367,3202
Sidi Ameur,سيدي عامر,32,Boualem,32016,33.768333,1.413611111,3218
Sidi Slimane,سيدي سليمان,32,Boualem,32019,33.833333,0.554708333,3221
Sidi Tiffour,سيدي طيفور,32,,,,,
Stitten,ستيتن,32,Boualem,32002,33.75805556,1.223333333,3203
Tousmouline,توسمولين,32,Bougtoub,32018,33.651667,0.266667,3220
Bordj Omar Driss,برج عمر إدريس,33,Bordj Omar Driss,33002,28.146389,6.7259091,3304
Debdeb,دبداب,33,Debdeb,33001,29.96710797,9.422727425,3303
Illizi,إيليزي,33,Illizi,33000,26.483333,8.483333333,3301
In Amenas,إن أمناس,33,In Amenas,33100,28.040833,9.635,3306
Ain Taghrout,عين تاغروت,34,Aïn Taghrout,34001,36.128889,5.076667,3408
Ain Tesra,عين تسرة,34,Ras El Oued,34003,36.0125,5.002222222,3430
B. B. Arreridj,برج بوعريرج,34,,,,,
Belimour,بليمور,34,Bordj Ghedir,34006,36.027222,4.833333333,3412
Ben Daoud,بن داود,34,Mansoura,34018,36.19702,4.4025,3406
Bir Kasdali,بئر قاصد علي,34,Bir Kasdali,34011,36.15,5.033333,3431
Bordj Ghedir,برج الغدير,34,Bordj Ghedir,34007,35.8991893,4.899182,3409
Bordj Zemmoura,برج زمورة,34,Bordj Zemoura,34027,36.2677309,4.855833333,3403
Colla,القلة,34,Djaafra,34030,36.1016103,4.6589,3425
Djaafra,جعافرة,34,Djaafra,34031,36.2922699,4.6628371,3415
El Achir,الياشير,34,Medjana,34023,36.06386,4.6167,3407
El Annasseur,العناصر,34,Bordj Ghedir,34008,36.0642129,4.833333333,3428
El Euch,العش,34,El Hamadia,34014,36.06386,4.6167,3407
El M'hir,المهير,34,Mansoura,34019,36.119384,4.38407336,3405
El Main,الماين,34,Djaafra,34032,36.425556,4.716667,3416
Elhammadia,الحمادية,34,El Hamadia,34015,35.976944,4.7475,3411
Ghailasa,غيلاسة,34,Bordj Ghedir,34009,35.981389,4.9167001,3432
Haraza,حرازة,34,Mansoura,34020,36.156389,4.223333,3434
Hasnaoua,حسناوة,34,Medjana,34024,36.14083333,4.7957,3419
Khelil,خليل,34,Bir Kasdali,34012,36.175556,5.029167,3420
Ksour,القصور,34,El Hamadia,34016,35.98333333,4.597778,3422
Mansoura,المنصورة,34,Mansoura,34021,36.08725,4.46,3404
Medjana,مجانة,34,Medjana,34025,36.1319,4.669,3413
Ouled Brahem,أولاد أبراهم,34,Ras El Oued,34005,35.8733817,5.074722222,3417
Ouled Dahmane,أولاد دحمان,34,Bordj Zemoura,34028,36.3667,4.77,3418
Ouled Sidi-Brahim,أولاد سيدي ابراهيم,34,Mansoura,34022,36.228056,4.335556,3423
Rabta,الرابطة,34,El Hamadia,34017,35.9227778,4.78119,3433
Ras El Oued,رأس الوادي,34,Ras El Oued,34100,35.94972222,5.033333333,3402
Sidi-Embarek,سيدي أمبارك,34,Bir Kasdali,34013,36.1039,4.91188,3410
Taglait,تقلعيت,34,Bordj Ghedir,34010,35.771667,4.999722222,3421
Tassamert,تسامرت,34,,,,,
Tefreg,تفرق,34,Djaafra,34033,36.425556,4.713889,3424
Teniet En Nasr,ثنية النصر,34,Medjana,34026,36.08333333,4.601111,3414
Tixter,تيكستار,34,Aïn Taghrout,34002,36.0475,4.654722222,3426
Afir,أعفير,35,Dellys,35016,36.7675,3.702778,3503
Ammal,عمال,35,Thenia,35030,36.6333333,3.5861111,3524
Baghlia,بغلية,35,Baghlia,35003,36.81694,3.8757119,3505
Ben Choud,بن شود,35,Dellys,35017,36.8623517,3.8805771,3522
Beni Amrane,بني عمران,35,Thenia,35031,36.66774,3.591944444,3525
Bordj Menaiel,برج منايل,35,Bordj Menaiel,35100,36.741667,3.7175665,3504
Boudouaou,بودواو,35,Boudouaou,35200,36.72735,3.40995,3502
Boudouaou El Bahri,بودواو البحري,35,Boudouaou,35007,36.7732001,3.3872711,3527
Boumerdes,بومرداس,35,Boumerdès,35000,36.766,3.477,3501
Bouzegza Keddara,بوزقزة قدارة,35,Boudouaou,35009,36.625278,3.479444,3519
Chabet El Ameur,شعبة العامر,35,Isser,35025,36.63709,3.6833333,3513
Corso,قورصو,35,Boumerdès,35001,36.75096,3.4682054,3516
Dellys,دلس,35,Dellys,35300,36.913272,3.914094,3523
Djinet,جنات,35,Bordj Menaiel,35014,36.8779905,3.7205,3508
El Kharrouba,الخروبة,35,Boudouaou,35008,36.6576809,3.406389,3532
Hammedi,حمادي,35,Khemis El Khechna,35021,36.676944,3.2633918,3530
Isser,يسر,35,Isser,35500,36.706667,3.671389,3509
Khemis El Khechna,خميس الخشنة,35,Khemis El Khechna,35400,36.65,3.3308,3531
Larbatache,الاربعطاش,35,Khemis El Khechna,35020,36.6368081,3.3718774,3518
Leghata,لقاطة,35,Bordj Menaiel,35013,36.7461111,3.683056,3529
Naciria,الناصرية,35,Naciria,35026,36.7475,3.833333,3507
Ouled Aissa,أولاد عيسى,35,Naciria,35027,36.806667,3.81431,3521
Ouled Hedadj,أولاد هداج,35,Boudouaou,35010,36.7130535,3.35,3528
Ouled Moussa,أولاد موسى,35,Khemis El Khechna,35019,36.6857409,3.3892894,3517
Si Mustapha,سي مصطفى,35,Isser,35023,36.7247,3.615306,3511
Sidi Daoud,سيدي داود,35,Baghlia,35004,36.85,3.85,3506
Souk El Had,سوق الحد,35,Thenia,35029,36.7214044,3.583333333,3526
Taourga,تاورقة,35,Baghlia,35005,36.7939,3.95034,3520
Thenia,الثنية,35,Thenia,35600,36.7254,3.553889,3514
Tidjelabine,تيجلابين,35,Boumerdès,35002,36.7305,3.49482,3512
Timezrit,تيمزريت,35,Isser,35024,36.673333,3.806389,3515
Zemmouri,زموري,35,Bordj Menaiel,35012,36.783333,3.6036,3510
Ain El Assel,عين العسل,36,El Tarf,36001,36.7947505,8.4293891,3606
Ain Kerma,عين الكرمة,36,Bouhadjar,36018,36.5644539,8.201111,3621
Asfour,عصفور,36,Besbes,36012,36.674167,7.7428056,3617
Ben M Hidi,بن مهيدي,36,Ben Mehidi,36008,36.77501471,7.905594528,3603
Berrihane,بريحان,36,Ben Mehidi,36010,36.83722222,8.068343,3610
Besbes,البسباس,36,Besbes,36200,36.702222,7.847222,3616
Bougous,بوقوس,36,El Tarf,36002,36.758056,8.369444,3604
Bouhadjar,بوحجار,36,Bouhadjar,36400,36.5034174,8.110556,3602
Bouteldja,بوثلجة,36,Bouteldja,36021,36.85,8.2024232,3608
Chebaita Mokhtar,شبيطة مختار,36,Drean,36015,36.755843,7.741667,3615
Chefia,الشافية,36,Bouteldja,36023,36.611111,8.1632766,3612
Chihani,شحاني,36,Drean,36016,36.646944,7.775556,3614
Drean,الذرعـان,36,Drean,36300,36.68333333,7.75,3613
Echatt,الشط,36,Ben Mehidi,36009,36.830278,7.872,3618
El Aioun,العيون,36,El Kala,36007,36.827222,8.6,3607
El Kala,القالة,36,El Kala,36100,36.8956,8.4433,3605
El Tarf,الطارف,36,El Tarf,36000,36.7667186,8.317,3601
Hammam Beni Salah,حمام بني صالح,36,Bouhadjar,36020,36.51972222,7.9810845,3623
Lac Des Oiseaux,بحيرة الطيور,36,Bouteldja,36022,36.775556,8.1180556,3611
Oued Zitoun,وادي الزيتون,36,Bouhadjar,36019,36.466111,8.0575,3622
Raml Souk,رمل السوق,36,El Kala,36006,36.786111,8.535556,3624
Souarekh,السوارخ,36,El Kala,36005,36.88194444,8.564167,3609
Zerizer,زريزر,36,Besbes,36013,36.727222,7.894722,3619
Zitouna,الزيتونة,36,El Tarf,36003,36.668056,8.2346,3620
Oum El Assel,أم العسل,37,Tindouf,37010,28.6125,-6.978889,3702
Tindouf,تندوف,37,Tindouf,37000,27.670556,-8.12724,3701
Ammari,عماري,38,Ammari,38002,35.5771,1.6623,3813
Beni Chaib,بني شعيب,38,Bordj Bou Naama,38006,35.820278,1.7995306,3805
Beni Lahcene,بني لحسن,38,Bordj Bou Naama,38007,35.8517,1.624722222,3822
Bordj Bounaama,برج بونعامة,38,Bordj Bou Naama,38005,35.8505025,1.6170851,3802
Bordj El Emir Abdelkader,برج الأمير عبد القادر,38,Bordj El Emir Abdelkader,38009,35.8652978,2.2674341,3809
Boucaid,بوقائد,38,Lazharia,38018,35.890278,1.61978,3821
Khemisti,خميستي,38,Khemisti,38011,35.6667,1.95,3811
Larbaa,الأربعاء,38,Lazharia,38019,35.937222,1.475277,3816
Lardjem,لرجام,38,Lardjem,38013,35.7495,1.5485,3806
Layoune,العيون,38,Khemisti,38012,35.6967,1.99664,3810
Lazharia,الأزهرية,38,Lazharia,38017,35.93722222,1.56,3804
Maacem,المعاصم,38,Ammari,38003,35.659722,1.603611,3817
Melaab,الملعب,38,Lardjem,38014,35.7495,1.3325,3807
Ouled Bessam,أولاد بسام,38,Tissemsilt,38001,35.686389,1.864167,3812
Sidi Abed,سيدي عابد,38,Ammari,38004,35.745278,1.705,3818
Sidi Boutouchent,سيدي بوتوشنت,38,Theniet El Had,38021,35.825278,1.95138889,3815
Sidi Lantri,سيدي العنتري,38,Lardjem,38015,35.70139,1.40223,3808
Sidi Slimane,سيدي سليمان,38,Bordj Bou Naama,38008,35.86,1.833333333,3820
Tamellahet,تملاحت,38,,,,,
Theniet El Had,ثنية الاحد,38,Theniet El Had,38100,35.87111,2.01670828,3803
Tissemsilt,تيسمسيلت,38,Tissemsilt,38000,35.60722,1.8108,3801
Youssoufia,اليوسفية,38,Bordj El Emir Abdelkader,38010,35.948056,2.112778,3814
Bayadha,البياضة,39,Bayadha,39006,33.334444,6.8885733,3904
Ben Guecha,بن  قشة,39,,,,,
Debila,الدبيلة,39,Debila,39200,33.51667,6.95,3911
Douar El Maa,دوار الماء,39,Taleb Larbi,39017,33.372222,7.686111,3915
El Ogla,العقلة,39,Robbah,39004,33.246667,6.95,3925
El-Oued,الوادي,39,El Oued,39000,33.36111111,6.8605556,3901
Guemar,قمار,39,Guemar,39100,33.5,6.7977914,3906
Hamraia,الحمراية,39,Reguiba,39011,34.110833,6.2305556,3909
Hassani Abdelkrim,حساني عبد الكريم,39,Debila,39013,33.477222,6.895,3912
Hassi Khalifa,حاسي خليفة,39,Hassi Khalifa,39300,33.562222,6.990278,3913
Kouinine,كوينين,39,El Oued,39001,33.4037855,6.8264542,3907
Magrane,المقرن,39,Magrane,39020,33.4998054,6.930278,3918
Mih Ouansa,اميه وانسة,39,Mih Ouansa,39021,33.158611,6.716944,3926
Nakhla,النخلة,39,Robbah,39003,33.2806326,6.878889,3905
Oued El Alenda,وادي العلندة,39,Mih Ouansa,39005,33.228889,6.757222,3903
Ourmes,ورماس,39,Guemar,39008,33.541667,6.416667,3920
Reguiba,الرقيبة,39,Reguiba,39010,33.56391,6.703,3908
Robbah,الرباح,39,Robbah,39002,33.281111,6.4166705,3902
Sidi Aoun,سيدي عون,39,Magrane,39019,33.54212,6.905,3916
Taghzout,تغزوت,39,Guemar,39009,32.966667,6.7978,3910
Taleb Larbi,الطالب العربي,39,Taleb Larbi,39016,33.7275,7.517222,3914
Trifaoui,الطريفاوي,39,Hassi Khalifa,39015,33.42298,6.93452,3917
Ain Touila,عين الطويلة,40,Aïn Touila,40300,35.443611,7.466667,4006
Babar,بابار,40,Babar,40001,35.1691777,7.104722,4013
Baghai,بغاي,40,El Hamma,40010,35.521944,7.114444,4004
Bouhmama,بوحمامة,40,Bouhmama,40002,35.320278,6.7466351,4008
Chechar,ششار,40,Chechar,40100,35.1583333,7.01667,4011
Chelia,شلية,40,Bouhmama,40003,35.364444,6.63671,4021
Djellal,جلال,40,Chechar,40007,34.91925,6.9,4012
El Hamma,الحامة,40,El Hamma,40200,35.466667,7.0825,4005
El Mahmal,المحمل,40,Ouled Rechache,40017,35.37381,7.21319,4017
El Oueldja,الولجة,40,Chechar,40008,34.915833,6.680556,4009
Ensigha,انسيغة,40,El Hamma,40012,35.397222,7.143056,4015
Kais,قايس,40,Kais,40014,35.4946392,6.924305,4003
Khenchela,خنشلة,40,Khenchela,40000,35.4358,7.1433,4001
Khirane,خيران,40,Chechar,40009,34.6667,6.7593,4020
M'sara,مصارة,40,Bouhmama,40004,35.3216667,7.1433333,4018
M'toussa,متوسة,40,Aïn Touila,40020,35.599444,7.24497,4002
Ouled Rechache,أولاد رشاش,40,Ouled Rechache,40018,35.3,7.353056,4016
Remila,الرميلة,40,Kais,40015,35.569444,6.9,4010
Tamza,طامزة,40,El Hamma,40013,35.31491,7,4014
Taouzianat,تاوزيانت,40,Kais,40016,35.511111,6.3551522,4007
Yabous,يابوس,40,Bouhmama,40005,35.405278,6.6418,4019
Ain Soltane,عين سلطان,41,Sedrata,41017,36.178334,7.369167,4118
Ain Zana,عين الزانة,41,Ouled Driss,41016,36.400556,8.191111,4117
Bir Bouhouche,بئر بوحوش,41,Bir Bou Haouch,41013,36.165611,7.4667,4114
Drea,الدريعة,41,Taoura,41008,36.1167,7.8833333,4109
Haddada,الحدادة,41,,,,,
Hanencha,الحنانشة,41,,,,,
Khedara,الخضارة,41,Heddada,41010,36.195556,8.243056712,4111
Khemissa,خميسة,41,Sedrata,41022,36.193056,7.658889,4123
M'daourouche,مداوروش,41,M'daourouch,41200,36.1218,7.819722222,4115
Machroha,المشروحة,41,,,,,
Merahna,المراهنة,41,Merahna,41011,36.1975,8.155,4112
Oued Kebrit,وادي الكبريت,41,,,,,
Ouillen,ويلان,41,Merahna,41018,36.195,8.064722,4119
Ouled Driss,أولاد إدريس,41,Ouled Driss,41004,36.35,8.0167,4105
Ouled Moumen,أولاد مومن,41,,,,,
Oum El Adhaim,أم العظايم,41,Oum El Adhaim,41015,36.033889,7.6025,4116
Ragouba,الراقوبة,41,M'daourouch,41021,36.125,7.666667,4122
Safel El Ouiden,سافل الويدان,41,Bir Bou Haouch,41020,35.929167,7.490278,4121
Sedrata,سدراتة,41,Sedrata,41100,36.129,7.534,4102
Sidi Fredj,سيدي فرج,41,Merahna,41019,36.1537121,8.1952751,4118
Souk Ahras,سوق أهراس,41,Souk Ahras,41000,36.286389,7.950833333,4101
Taoura,تاورة,41,Taoura,41007,36.17,8.04028,4108
Terraguelt,ترقالت,41,Oum El Adhaim,41024,35.895278,7.854045,4125
Tiffech,تيفاش,41,M'daourouch,41005,36.191667,7.786111,4106
Zaarouria,الزعرورية,41,Taoura,41006,36.227222,7.957778,4104
Zouabi,الزوابي,41,Bir Bou Haouch,41025,36.195556,7.441111,4126
Aghbal,أغبال,42,Gouraya,42006,36.502778,1.845833,4210
Ahmer El Ain,أحمر العين,42,,,,,
Ain Tagourait,عين تاقورايت,42,Bou Ismail,42012,36.5868863,2.5842062,4217
Attatba,الحطاطبة,42,Kolea,42024,36.57278,2.67694,4236
Beni Mileuk,بني ميلك,42,Damous,42026,36.444444,1.716667,4241
Bou Haroun,بوهارون,42,Bou Ismail,42019,36.62503,2.6548,4209
Bou Ismail,بواسماعيل,42,Bou Ismail,42500,36.64262,2.6899362,4226
Bourkika,بورقيقة,42,Ahmar El Ain,42004,36.4858595,2.4764,4205
Chaiba,الشعيبة,42,Kolea,42011,36.6251,2.729167,4216
Cherchell,شرشال,42,Cherchell,42200,36.605,2.19083,4222
Damous,الداموس,42,Damous,42300,36.5200245,1.704167,4223
Douaouda,دواودة,42,Fouka,42003,36.6737396,2.783333,4204
Fouka,فوكة,42,Fouka,42400,36.6667,2.742117,4225
Gouraya,قوراية,42,Gouraya,42009,36.5675,1.905,4202
Hadjout,حجوط,42,Hadjout,42100,36.51257,2.4142888,4212
Hadjret Ennous,حجرة النص,42,,,,,
Khemisti,خميستي,42,Bou Ismail,42005,36.625833,2.680833333,4206
Kolea,القليعة,42,Kolea,42600,36.6389,2.768,4235
Larhat,الأرهاط,42,Damous,42002,36.558,1.801388889,4203
Menaceur,مناصر,42,Sidi Amar,42001,36.492,2.240556,4202
Merad,مراد,42,Hadjout,42015,36.47477,2.42625,4224
Messelmoun,مسلمون,42,Gouraya,42021,36.563056,2.0025,4233
Nador,الناظور,42,Sidi Amar,42010,36.569722,2.3123031,4215
Sidi Ghiles,سيدي غيلاس,42,Cherchell,42020,36.5583006,2.1155691,4232
Sidi Rached,سيدي راشد,42,Ahmar El Ain,42022,36.5625,2.533333333,4234
Sidi Semiane,سيدي سميان,42,Cherchell,42025,36.508611,2.063889,4240
Sidi-Amar,سيدي عامر,42,Sidi Amar,42008,36.5330597,2.306389,4213
Tipaza,تيبازة,42,Tipaza,42000,36.591944,2.443,4201
Ahmed Rachedi,أحمد راشدي,43,Oued Endja,43012,36.390556,6.125,4311
Ain Beida Harriche, عين البيضاء أحريش,43,Aïn Beida Harriche,43300,36.3959678,5.893333,4319
Ain Mellouk,عين الملوك,43,Chelghoum Laid,43004,36.2755,6.1785,4305
Ain Tine,عين التين,43,Mila,43002,36.438056,6.4678234,4325
Amira Arres,اعميرة اراس,43,Terrai Bainen,43016,36.5375,6.065278,4322
Benyahia Abderrahmane,بن يحي عبد الرحمن,43,Tadjenanet,43030,36.2329371,6.0045,4309
Bouhatem,بوحاتم,43,Bouhatem,43027,36.303889,6.0141667,4314
Chelghoum Laid,شلغوم العيد,43,Chelghoum Laid,43100,36.1629822,6.616667,4303
Chigara,الشيقارة,43,Sidi Merouane,43023,36.5600819,6.2216678,4332
Derrahi Bousselah,دراحي بوصلاح,43,,,,,
El Ayadi Barbes,العياضي برباس,43,Aïn Beida Harriche,43021,36.440278,5.9130761,4315
El Mechira,مشيرة,43,Teleghma,43026,36.010247,6.231267,4326
Ferdjioua,فرجيوة,43,Ferdjioua,43200,36.4073812,5.9419603,4302
Grarem Gouga,القرارم قوقة,43,Grarem Gouga,43008,36.5167,6.33333,4317
Hamala,حمالة,43,Grarem Gouga,43009,36.56667,6.34,4324
Mila,ميلة,43,Mila,43000,36.4503,6.2644,4301
Minar Zarza,مينار زارزة,43,Tassadane Haddada,43019,36.5377483,5.9304039,4321
Oued Athmenia,وادي العثمانية,43,,,,,
Oued Endja,وادي النجاء,43,Oued Endja,43010,36.5,6.120833,4310
Oued Seguen,وادي سقان,43,Teleghma,43025,36.170991,6.419985,4307
Ouled Khalouf,أولاد اخلوف,43,Tadjenanet,43031,36.055556,6.125,4312
Rouached,الرواشد,43,Rouached,43013,36.457741,6.04267,4315
Sidi Khelifa,سيدي خليفة,43,Mila,43001,36.34969,6.300383,4327
Sidi Merouane,سيدي مروان,43,Sidi Merouane,43022,36.521667,6.2625,4318
Tadjenanet,تاجنانت,43,Tadjenanet,43500,36.12129,5.9867,4308
Tassadane Haddada,تسدان حدادة,43,Tassadane Haddada,43018,36.52269,5.8787288,4319
Tassala Lematai,تسالة لمطاعي,43,,,,,
Teleghma,التلاغمة,43,Teleghma,43400,36.1180204,6.364167,4306
Terrai Bainen,ترعي باينان,43,Terrai Bainen,43015,36.5481,6.1418,4323
Tiberguent,تيبرقنت,43,Rouached,43014,36.4667623,6.0396,4313
Yahia Beniguecha,يحي بني قشة,43,,,,,
Zeghaia,زغاية,43,Oued Endja,43011,36.468056,6.1725,4328
Ain-Benian,عين البنيان,44,Aïn Defla,44001,36.3536111,2.4278144,4426
Ain-Bouyahia,عين بويحيى,44,Aïn Defla,44002,36.3150386,1.7733566,4433
Ain-Defla,عين الدفلى,44,Aïn Defla,44000,36.2652,1.9703,4401
Ain-Lechiakh,عين الاشياخ,44,Aïn Lechiakh,44005,36.15694444,2.404167,4414
Ain-Soltane,عين السلطان,44,Aïn Defla,44003,36.2483226,2.2973227,4420
Ain-Torki,عين التركي,44,Aïn Defla,44004,36.3327778,2.301389,4423
Arib,عريب,44,Djendel,44008,36.2919441,2.133611,4406
Bathia,بطحية,44,Bathia,44009,36.0333333,1.7830973,4431
Belaas,بلعاص,44,El Attaf,44010,36.10778,1.8512,4436
Ben Allal,بن علال,44,Rouina,44011,36.311111,2.164,4425
Bir-Ould-Khelifa,بئر ولد خليفة,44,Hammam Righa,44013,36.183333,2.2333333,4410
Birbouche,بربوش,44,El Attaf,44012,36.216667,2.253056,4428
Bordj-Emir-Khaled,برج الأمير خالد,44,Bordj Emir Khaled,44100,36.1222,2.2056,4422
Boumedfaa,بومدفع,44,Boumedfaa,44200,36.370278,2.47639,4403
Bourached,بوراشد,44,Djendel,44016,36.1765,1.9341,4409
Djelida,جليدة,44,Djelida,44017,36.2,2.083333333,4407
Djemaa Ouled Cheikh,جمعة أولاد الشيخ,44,El Amra,44018,36.0786,2.005,4429
Djendel,جندل,44,Djendel,44300,36.218611,2.4137,4405
El-Abadia,العبادية,44,El Abadia,44020,36.2706026,1.6854432,4411
El-Amra,العامرة,44,El Amra,44021,36.30693,1.84816,4408
El-Attaf,العطاف,44,El Attaf,44400,36.22393,1.672,4410
El-Maine,الماين,44,Miliana,44024,36.145,1.758333,4423
Hammam-Righa,حمام ريغة,44,Hammam Righa,44025,36.3915345,2.395618,4405
Hassania,الحسانية,44,Khemis Miliana,44023,36.0333333,1.933611,4418
Hoceinia,الحسينية,44,Miliana,44026,36.316667,2.4,4427
Khemis-Miliana,خميس مليانة,44,Khemis Miliana,44500,36.261,2.220167,4404
Mekhatria,المخاطرية,44,Rouina,44028,36.3446556,2.146111,4430
Miliana,مليانة,44,Miliana,44600,36.3055,2.2325912,4402
Oued Chorfa,وادي الشرفاء,44,Hammam Righa,44030,36.2,2.516667,4413
Oued Djemaa,واد الجمعة,44,Boumedfaa,44031,36.066667,2.3,4415
Rouina,الروينة,44,Rouina,44032,36.25,1.816667,4416
Sidi-Lakhdar,سيدي الأخضر,44,Khemis Miliana,44033,36.265278,2.161667,4424
Tacheta Zegagha,تاشتة زقاغة,44,El Amra,44034,36.355833,1.888889,4432
Tarik-Ibn-Ziad,طارق بن زياد,44,Aïn Lechiakh,44006,36.147222,2.15,4421
Tiberkanine,تبركانين,44,Aïn Lechiakh,44007,36.216667,1.627222,4435
Zeddine,زدين,44,Rouina,44035,36.163889,1.85,4417
Ain Ben Khelil,عين بن خليل,45,Mecheria,45008,33.29027778,-0.763889,4509
Ain Sefra,عين الصفراء,45,Aïn Sefra,45200,32.75,-0.5833,4503
Asla,عسلة,45,Assela,45006,33.016667,-0.083333333,4504
Djenienne Bourezg,جنين بورزق,45,Moghrar,45007,32.3709321,-0.804719988,4504
El Biodh,البيوض,45,,,,,
Kasdir,القصدير,45,Makman Ben Amer,45010,33.709722,-1.358333,4511
Makmen Ben Amar,مكمن بن عمار,45,,,,,
Mecheria,المشرية,45,Mecheria,45100,33.54453,-0.2812,4502
Moghrar,مغرار,45,Moghrar,45005,32.51229,-0.58816,4506
Naama,النعامة,45,Naama,45000,33.2667,-0.3167,4501
Sfissifa,سفيسيفة,45,Sfissifa,45004,32.733333,-0.868889,4503
Tiout,تيوت,45,Aïn Sefra,45003,32.7667,-0.416667,4504
Aghlal,أغلال,46,Aïn Kihal,46007,35.2,-1.069167,4607
Ain El Arbaa,عين الأربعاء,46,Aïn El Arbaa,46002,35.4075,-0.881667,4609
Ain Kihal,عين الكيحل,46,Aïn Kihal,46006,35.204444,-1.196111,4622
Ain Temouchent,عين تموشنت,46,Aïn Témouchent,46000,35.297,-1.133333,4601
Ain Tolba,عين الطلبة,46,Aïn Kihal,46008,35.24893,-1.25049,4618
Aoubellil,عقب الليل,46,Aïn Kihal,46009,35.1373,-0.992575,4613
Beni Saf,بني صاف,46,Beni Saf,46100,35.3004743,-1.382036,4623
Bouzedjar,بوزجار,46,El Amria,46014,35.57456,-1.10424,4605
Chaabat El Ham,شعبة اللحم,46,El Malah,46020,35.33619,-1.1015,4605
Chentouf,شنتوف,46,Hammam Bou Hadjar,46024,35.2917711,-1.029444,4611
El Amria,العامرية,46,El Amria,46200,35.524726,-1.016,4606
El Maleh,المالح,46,El Malah,46300,35.388333,-1.094444,4607
El Messaid,المساعيد,46,El Amria,46016,35.541944,-1.122054,4628
Emir Abdelkader,الأمير عبد القادر,46,Taher,18006,36.751944,5.848611,1806
Hammam Bou Hadjar,حمام بوحجر,46,Hammam Bou Hadjar,46400,35.37889,-0.970488,4604
Hassasna,الحساسنة,46,Hammam Bou Hadjar,46025,35.272222,-0.987222,4621
Hassi El Ghella,حاسي الغلة,46,El Amria,46017,35.45,-1.05,4620
Oued Berkeche,وادي برقش,46,Hammam Bou Hadjar,46023,35.222222,-0.983611,4606
Oued Sebbah,وادي الصباح,46,Aïn El Arbaa,46005,35.3725,-0.811389,4616
Ouled Boudjemaa,أولاد بوجمعة,46,El Amria,46015,35.47306,-1.192667,4617
Ouled Kihal,أولاد الكيحل,46,El Malah,46021,35.37,-1.2356,4622
Oulhaca El Gheraba,ولهاصة الغرابة,46,Oulhaca El Gheraba,46026,35.233056,-1.504444,4625
Sidi Ben Adda,سيدي بن عدة,46,Aïn Témouchent,46001,35.3,-1.1833333,4612
Sidi Boumediene,سيدي بومدين,46,Aïn El Arbaa,46004,35.354167,-0.89305556,4615
Sidi Ouriache,سيدي ورياش,46,Oulhaca El Gheraba,46027,35.1862547,-1.5087605,4605
Sidi Safi,سيدي صافي,46,Beni Saf,46011,35.28123,-1.313333,4624
Tamzoura,تامزورة,46,Aïn El Arbaa,46003,35.40889,-0.65936,4610
Terga,تارقة,46,El Malah,46019,35.416667,-1.1792,4608
Berriane,بريان,47,Berriane,47100,32.82648,3.766667,4704
Bounoura,بونورة,47,Bounoura,47002,32.4825,3.70771,4710
Dhayet Bendhahoua,ضاية بن ضحوة,47,Daia Ben Dahoua,47004,32.536944,3.605556,4707
El Atteuf,العطف,47,Bounoura,47003,32.4766504,3.74788,4712
El Guerrara,القرارة,47,El Guerrara,47200,32.790278,4.4882869,4702
Ghardaia,غرداية,47,Ghardaia,47000,32.4833,3.6667,4701
Mansoura,المنصورة,47,Mansoura,47006,31.979444,3.7459731,4713
Metlili,متليلي,47,Metlili,47300,32.26667,3.63333,4705
Sebseb,سبسب,47,Metlili,47008,32.158333,3.5889,4709
Zelfana,زلفانة,47,Zelfana,47009,32.4,4.2167,4708
Ain Rahma,عين الرحمة,48,Yellel,48032,35.62472222,0.392778,4824
Ain-Tarek,عين طارق,48,Aïn Tarek,48002,35.781388,1.1302226,4815
Ammi Moussa,عمي موسى,48,Ammi Moussa,48100,35.868,1.1081265,4811
Belaassel Bouzagza,بلعسل بوزقزة,48,El Matmar,48014,35.8247,0.577778,4803
Bendaoud,بن داود,48,Relizane,48001,35.719167,0.520278,4835
Beni Dergoun,بني درقن,48,Zemmora,48036,35.7933416,0.801239,4813
Beni Zentis,بني زنطيس,48,Sidi M'Hamed Ben Ali,48029,36.111389,0.663611111,4830
Dar Ben Abdelah,دار بن عبد الله,48,Zemmora,48037,35.701,0.68719,4832
Djidiouia,جديوية,48,Djidioua,48200,35.93,0.816667,4814
El H'madna,الحمادنة,48,El Hamadna,48011,35.9,0.774675,4807
El Hassi,الحاسي,48,Ammi Moussa,48005,35.7425,1.11143,4804
El Ouldja,الولجة,48,Ammi Moussa,48006,35.9108,0.816667,4836
El-Guettar,القطار,48,Mazouna,48018,36.19112,0.8160086,4816
El-Matmar,المطمر,48,El Matmar,48013,35.732361,0.4611475,4817
Had Echkalla,حد الشكالة,48,Aïn Tarek,48003,35.679167,1.147222,4808
Hamri,حمري,48,Djidioua,48009,35.7425,0.830556,4816
Kalaa,القلعة,48,Yellel,48033,35.580556,0.35361111,4823
Lahlef,لحلاف,48,Oued Rhiou,48025,35.8928056,0.983333,4829
Mazouna,مازونة,48,Mazouna,48300,36.1262742,0.8801926,4822
Mediouna,مديونة,48,Sidi M'Hamed Ben Ali,48030,36.12445404,0.747250618,4819
Mendes,منداس,48,Mendes,48019,35.6625,0.861944,4828
Merdja Sidi Abed,مرجة سيدي عابد,48,Oued Rhiou,48023,36.00333,1.010278,4837
Ouarizane,واريزان,48,Oued Rhiou,48024,36.05,0.899078,4821
Oued El Djemaa,وادي الجمعة,48,El Hamadna,48012,35.797222,0.6167687,4826
Oued Essalem,وادي السلام,48,Mendes,48020,35.58333333,0.9246111,4820
Oued-Rhiou,وادي رهيو,48,Oued Rhiou,48400,35.96111111,0.9167,4802
Ouled Aiche,أولاد يعيش,48,Ammi Moussa,48007,35.8266,0.961111,4813
Ouled Sidi Mihoub,أولاد سيدي الميهوب,48,Djidioua,48010,35.973889,0.691667,4838
Ramka,الرمكة,48,Ramka,48026,35.866667,1.283333333,4827
Relizane,غليزان,48,Relizane,48000,35.7333,0.5588787,4801
Sidi Khettab,سيدي  خطاب,48,El Matmar,48015,35.9111,0.51,4810
Sidi Lazreg,سيدي لزرق,48,Mendes,48021,35.6462,0.775,4806
Sidi M'hamed Benali,سيدي أمحمد بن علي,48,Sidi M'Hamed Ben Ali,48028,36.14472222,0.843056,4808
Sidi M'hamed Benaouda,سيدي امحمد بن عودة,48,El Matmar,48016,35.60409,0.58874,4824
Sidi Saada,سيدي سعادة,48,Yellel,48034,35.677778,0.342222,4804
Souk El Had,سوق الحد,48,Ramka,48027,35.916667,1.24805556,4831
Yellel,يلل,48,Yellel,48031,35.716667,0.3536111,4825
Zemmoura,زمورة,48,Zemmora,48500,35.7225,0.75,4812
Aougrout,أوقروت,49,Aougrout,49003,28.75,0.335278,123
Charouine,شروين,49,Charouine,49008,29.018611,-0.257778,103
Deldoul,دلدول,49,Aougrout,49005,28.702778,0.15,117
Ksar Kaddour,قصر قدور,49,Tinerkouk,49007,29.5784908,0.3739728,107
Metarfa,المطارفة,49,Aougrout,49004,28.589167,-0.149722,120
Ouled Aissa,أولاد عيسى,49,Charouine,49010,29.418333,-0.089167,127
Ouled Said,أولاد السعيد,49,Timimoun,49002,29.23194444,0.2387556,110
Talmine,طالمين,49,Charouine,49009,29.0167,-0.4975,124
Timimoun,تيميمون,49,Timimoun,49001,29.25,0.2285923,109
Tinerkouk,تنركوك,49,Tinerkouk,49006,29,0.1567,116
Bordj Badji Mokhtar,برج باجي مختار,50,Bordj Badji Mokhtar,50001,21.3292442,0.954167,125
Timiaouine,تيمياوين,50,Bordj Badji Mokhtar,50002,20.437222,1.79861,128
Besbes,بسباس,51,Sidi Khaled,51005,34.15,4.983333,707
Chaiba,الشعيبة,51,Kolea,42011,36.6251,2.729167,4216
Doucen,الدوسن,51,Ouled Djellal,51003,34.595739,5.102266,709
Ouled Djellal,أولاد جلال,51,Ouled Djellal,51001,34.4254103,5.0644342,705
Ras El Miad,رأس الميعاد,51,Sidi Khaled,51006,34.185603,4.4514,515
Sidi Khaled,سيدي  خالد,51,Sidi Khaled,51004,34.387,4.983333333,708
Beni-Abbes,بني عباس,52,Beni Abbes,52001,30.08,-2.17,807
Beni-Ikhlef,بن يخلف,52,El Ouata,52006,29.575,-1.609167,808
El Ouata,الواتة,52,El Ouata,52005,29.86224,-1.82751,814
Igli,إقلي,52,Igli,52010,30.26666667,-2.2778396,811
Kerzaz,كرزاز,52,Kerzaz,52003,29.45,-1.416667,818
Ksabi,القصابي,52,Ouled Khoudir,52009,28.85,1.2267,819
Ouled-Khodeir,أولاد خضير,52,Ouled Khoudir,52008,29.248889,-1.05748,803
Tamtert,تامترت,52,Beni Abbes,52002,29.91027778,-1.8902778,820
Timoudi,تيمودي,52,Kerzaz,52004,29.40611111,-1.428333333,805
Ain Salah,عين صالح,53,In Salah,53001,27.1935,2.483333,1108
Foggaret Ezzoua,فقارة الزوى,53,,,,,
Inghar,إينغر,53,In Ghar,53003,27.2,2.511111,1103
Ain Guezzam,عين قزام,54,In Guezzam,54001,19.5696707,5.76806,1104
Tin Zouatine,تين زواتين,54,,,,,
Benaceur,بن ناصر,55,Taibet,55012,32.84411111,6.441111,3017
Blidet Amor,بلدة اعمر,55,Tamacine,55006,32.95138889,5.980556,5507
El Alia,العالية,55,Ouargla,30009,32.6999655,5.425556,3020
El-Hadjira,الحجيرة,55,El Hadjira,55009,32.6130464,5.51259,3014
M'naguer,المنقر,55,Taibet,55013,33.12638889,6.351944,3018
Megarine,المقارين,55,Megarine,55007,33.183333,6.0833333,3019
Nezla,النزلة,55,Touggourt,55002,33.10527,6.050833333,3008
Sidi Slimane,سيدي سليمان,55,Megarine,55008,33.833333,0.554708333,3221
Taibet,الطيبات,55,Taibet,55011,33.0829494,6.3997501,3015
Tebesbest,تبسبست,55,Touggourt,55003,33.12,6.08333,3007
Temacine,تماسين,55,Tamacine,55005,33.02194444,6.022778,3016
Touggourt,تقرت,55,Touggourt,55001,33.1,6.05796,3013
Zaouia El Abidia,الزاوية العابدية,55,Touggourt,55004,33.1375,6.082222,3009
Bordj El Haouass,برج الحواس,56,Djanet,56002,24.882778,8.434444,5601
Djanet,جانت,56,Djanet,56001,24.55270656,9.4841939,3302
Djamaa,جامعة,57,Djamaa,57005,33.53388,6.0667,3928
El-M'ghaier,المغير,57,El M'Ghair,57001,33.953,5.9242,3927
M'rara,المرارة,57,Djamaa,57006,33.476667,6.2725,3922
Oum Touyour,أم الطيور,57,El M'Ghair,57002,34.153333,5.833333,3929
Sidi Amrane,سيدي عمران,57,Djamaa,57007,33.49885,6.0117531,3930
Sidi Khelil,سيدي خليل,57,El M'Ghair,57003,33.8369,5.958889,3923
Still,سطيل,57,El M'Ghair,57004,34.19111111,5.9293,3921
Tenedla,تندلة,57,Djamaa,57008,33.675278,6.033889,3924
El Meniaa,المنيعة,58,El Meniaa,58001,30.57556,2.885833333,5801
Hassi Fehal,حاسي الفحل,58,El Meniaa,58003,31.605278,3.6762683,5802
Hassi Gara,حاسي القارة,58,El Meniaa,58002,30.552222,2.915,5803
Aflou,أفلو,59,Aflou,59001,34.11279,2.1019,319
Ain Sidi Ali,عين سيدي علي,59,Gueltat Sidi Saad,59006,34.156872,1.542386,311
Brida,بريدة,59,Brida,59007,33.906111,1.784444,313
El Beidha,البيضاء,59,Aflou,59002,34.47475,2.17408,312
El Ghicha,الغيشة,59,El Ghicha,59011,33.930145,2.140703,314
Gueltat Sidi Saad,قلتة سيدي سعد,59,Gueltat Sidi Saad,59005,34.2961,1.94667,310
Hadj Mechri,الحاج مشري,59,Hadj Mechri,59009,33.9571296,1.5992068,315
Oued M'zi,وادي مزي,59,Aflou,59004,33.92422,2.4369,322
Oued Morra,وادي مرة,59,Aflou,59003,34.1666669,2.3166669,321
Sebgag,سبقاق,59,El Ghicha,59012,34.02958,1.92798,302
Sidi Bouzid,سيدي بوزيد,59,Brida,59008,34.342777,2.261389,308
Taouiala,تاويالة,59,Hadj Mechri,59010,33.87186,1.8606,317
Azil Abedelkader,عزيل عبد القادر,60,Azil Abdelkader,63007,35.3667,5.1833,515
Barika,بريكة,60,Barika,63001,35.3972,5.3658,542
Bitam,بيطام,60,Barika,63002,35.0333,5.3,514
Djezzar,الجزار,60,Seggana,63006,35.50956,5.26679,543
M Doukal,إمدوكل,60,Barika,63003,35.121,5.485278,555
Ouled Ammar,أولاد عمار,60,Azil Abdelkader,63008,35.15,5.34,556
Seggana,سقانة,60,Seggana,63005,35.365555,5.575,529
Tilatou,تيلاطو,60,Tilatou,63004,35.329167,5.8667,518
Ain Zaatout,عين زعطوط,61,El Kantara,62005,34.9080556,5.83,718
Branis,برانيس,61,Djemorah,62003,34.99338,5.775,7003
Djemorah,جمورة,61,Djemorah,62002,35.1026843,5.864722,720
El Kantara,القنطرة,61,El Kantara,62001,35.192365,5.6668306,717
El Outaya,الوطاية,61,El Outaya,62004,35.03412,5.59517,716
Bir-El-Ater,بئر العاتر,62,Bir El Ater,65001,34.74488,8.06,1202
El Ogla El Malha,العقلة المالحة,62,Negrine,65004,35.121944,7.9402184,1215
Ferkane,فركان,62,Bir El Ater,65002,34.56233,7.412222,1228
Negrine,نقرين,62,Negrine,65003,34.48593,7.5193093,1209
Bouihi,البويهي,63,Sidi Djillali,61004,,,
El Aricha,العريشة,63,El Aricha,61001,34.22259,-1.257,1332
El Gor,القور,63,El Aricha,61002,34.63797,-1.15296,1310
Sidi Djillali,سيدي الجيلالي,63,Sidi Djillali,61003,34.4609,-1.5664,1341
Bougara,بوقرة,64,Zmalet El Emir Abdelkader,67004,36.54,3.081,922
Hamadia,حمادية,64,Rechaiga,67006,35.45918,1.87316,1435
Ksar Chellala,قصر الشلالة,64,Ksar Chellala,67001,35.21222,2.3189,1429
Rechaiga,الرشايقة,64,Rechaiga,67005,35.4081,1.9739,1430
Serghine,سرغين,64,Ksar Chellala,67002,35.254444,2.30861,1439
Zmalet El Emir Abdelkade,زمالة  الأمير عبد القادر,64,,,,,
Ain Fekka,عين فقه,65,Sidi Laadjel,68010,35.433333,3.583333333,1735
Ain Oussera,عين وسارة,65,Ain Oussera,68001,35.4542653,2.904444,1731
Benhar,بنهار,65,Ain Oussera,68002,35.4859395,3.1081,1732
Birine,بيرين,65,Birine,68004,35.6383108,3.2869,1708
Bouira Lahdab,بويرة الأحداب,65,Bouira Lahdab,68006,35.243889,3.75,1709
El Khemis,الخميس,65,Birine,68005,35.5397,2.515833,1711
Guernini,قرنيني,65,Ain Oussera,68003,35.19970336,2.682895682,1721
Had Sahary,حد الصحاري,65,Bouira Lahdab,68007,35.35056,3.3609,1720
Hassi Fedoul,حاسي فدول,65,Sidi Laadjel,68009,35.436666,2.2142,1733
Sidi Laadjel,سيدي لعجال,65,Sidi Laadjel,68008,35.438055,2.5,1719
Amourah,عمورة,66,Amourah,69008,34.354444,3.87083333,1734
Deldoul,دلدول,66,Messaad,69003,28.702778,0.15,117
Faidh El Botma,فيض البطمة,66,Sed Rahal,69007,34.527777,3.781944,1707
Guettara,قطارة,66,Messaad,69002,33.158611,4.685277,1718
Messaad,مسعد,66,Messaad,69001,34.15429,3.50309,1717
Oum Laadham,أم العظام,66,Selmana,69005,33.720277,4.53056,1724
Sed Rahal,سد الرحال,66,Sed Rahal,69006,33.948333,3.231111,1706
Selmana,سلمانة,66,Selmana,69004,34.16440361,3.562011761,1722
Ain Boucif,عين بوسيف,67,Ain Boucif,66007,35.89123,3.1585,2604
Ain Ouksir,عين اقصير,67,Chellalet El Adhaoura,66018,35.818653,3.470555,2641
Aziz,عزيز,67,Aziz,66012,35.816667,2.45,2632
Boghar,بوغار,67,Boghar,66019,35.911389,2.71667,2625
Bouaiche,بوعيش,67,Chahbounia,26053,35.552778,2.1731,2610
Boughzoul,بوغزول,67,Chahbounia,66005,35.7533117,2.7381672,2651
Chabounia,الشهبونية,67,Chahbounia,66004,35.54472221,2.603333,2638
Chelalet El Adhaoura,شلالة العذاورة,67,Chellalet El Adhaoura,66015,35.94,3.4139,2618
Cheniguel,شنيقل,67,Chellalet El Adhaoura,66016,35.922222,3.5667,2640
Derrag,دراق,67,Aziz,66014,35.908611,2.38778,2608
El Ouinet,العوينات,67,Ain Boucif,66011,35.3344,3.035556,2657
Kef Lakhdar,الكاف الاخضر,67,Ain Boucif,66008,35.923333,3.2875,2617
Ksar El Boukhari,قصر البخاري,67,Ksar El Boukhari,66001,35.88889,2.74905,2635
M'fatha,مفاتحة,67,,,,,
Ouled Antar,أولاد عنتر,67,Boghar,66020,35.9951773,2.60231,2658
Ouled Emaaraf,أولاد امعرف,67,,,,,
Ouled Hellal,أولاد هلال,67,Boghar,66021,35.9370104,2.4980197,2622
Oum El Djellil,أم الجليل,67,Aziz,66013,35.8275,2.6239,2642
Saneg,السانق,67,Ksar El Boukhari,66003,35.8514,3.253056,2664
Sidi Demed,سيدي دامد,67,Ain Boucif,66010,34.55,0.259722,2012
Tafraout,تفراوت,67,Chellalet El Adhaoura,66017,36.0877,3.4308,2623
Ain El Melh,عين الملح,68,Ain El Melh,64016,34.8470491,4.1634964,2841
Ain Fares,عين فارس,68,Ain El Melh,64018,35.03583333,4.428333333,2837
Ain Rich,عين الريش,68,Ain El Melh,64017,34.680794,4.096956,2844
Ben Srour,بن سرور,68,Ben Srour,64007,35.0404431,4.5633795,2824
Benzouh,بن زوه,68,Ouled Sidi Brahim,28026,35.438055,4.383333,2835
Bir Foda,بئر فضة,68,Aïn El Melh,28014,34.82,3.899444,2836
Bou Saada,بوسعادة,68,Bou Saada,64001,35.219167,4.17402,2820
Djebel Messaad,جبل مساعد,68,Djebel Messaad,64014,34.991121,4.092493,2847
El Hamel,الهامل,68,Bou Saada,64002,35.1283,4.083333,2827
El Houamed,الحوامد,68,Khoubana,28040,35.2917758,4.53358,2826
Khoubana,خبانة,68,Khoubana,64004,35.31444444,4.566944,2807
M'cif,مسيف,68,Khoubana,28039,35.3281,4.8,2808
Medjedel,امجدل,68,Medjedel,28041,34.9611111,3.6793899,2842
Menaa,مناعة,68,Menaa,05028,35.1777,6.006775,506
Mohamed Boudiaf,محمد بوضياف,68,Ben Srour,64010,34.8941667,4.428611,2834
Ouled Sidi Brahim,أولاد سيدي ابراهيم,68,Ouled Sidi Brahim,64011,36.2,4.174722,2823
Ouled Slimane,أولاد سليمان,68,Ben Srour,64008,34.91609,4.73694444,2825
Oulteme,ولتام,68,Bou Saada,64003,35.0350816,5.3360215,2846
Sidi Ameur,سيدي عامر,68,Sidi Ameur,64012,33.768333,1.413611111,3218
Sidi M'hamed,سيدي امحمد,68,Ain El Melh,64020,36.7563368,3.0551159,1602
Slim,سليم,68,Djebel Messaad,64015,34.938889,3.734722222,2843
Tamsa,تامسة,68,Sidi Ameur,64013,35.173611,3.925556,2823
Zarzour,زرزور,68,Ben Srour,64009,35.0358333,4.433333,2833
Ain El Orak,عين العراك,69,El Abiodh Sidi Cheikh,60002,33.4100573,0.7385302,3208
Arbaouat,اربوات,69,El Abiodh Sidi Cheikh,60003,33.08833333,0.5823,3209
Boussemghoun,بوسمغون,69,Boussemghoun,60005,32.8643,0.0201,3213
Chellala,شلالة,69,Chellala,60006,35.216667,0.0556,3214
El Bnoud,البنود,69,El Abiodh Sidi Cheikh,60004,32.31222222,0.244444,3216
El Mehara,المحرة,69,Chellala,60007,33.311667,0.364444,3219
Labiodh Sidi Cheikh,الأبيض سيدي الشيخ,69,El Abiodh Sidi Cheikh,60001,32.898611,0.544444,3207
